:020000040800F2
:10000000F00A0020F9080008E5040008E7040008E9
:10001000EB040008EF040008F304000800000000EF
:10002000000000000000000000000000F7040008CD
:10003000F904000800000000FB040008FD040008AB
:100040001309000813090008130900081309000820
:100050001309000813090008130900081309000810
:100060001309000813090008130900081309000800
:1000700013090008130900081309000813090008F0
:1000800013090008130900081309000813090008E0
:10009000ABC200081309000813090008130900087F
:1000A00013090008130900081309000813090008C0
:1000B0003FC40008130900081309000813090008C9
:1000C00013090008130900081309000813090008A0
:1000D00013090008D50800081309000813090008CF
:1000E0001309000813090008130900081309000880
:1000F0001309000813090008130900081309000870
:10010000130900081309000813090008130900085F
:10011000130900081309000813090008130900084F
:10012000130900081309000813090008130900083F
:10013000130900081309000813090008130900082F
:10014000130900081309000813090008130900081F
:10015000130900081309000813090008130900080F
:1001600013090008130900081309000813090008FF
:1001700013090008130900081309000813090008EF
:10018000130900081309000800F002F800F067F8EE
:100190000AA090E8000C82448344AAF10107DA45E2
:1001A00001D100F05CF8AFF2090EBAE80F0013F0CD
:1001B000010F18BFFB1A43F00103184708D00000D5
:1001C00028D000000A444FF0000C10F8013B13F057
:1001D000070408BF10F8014B1D1108BF10F8015BA0
:1001E000641E05D010F8016B641E01F8016BF9D193
:1001F00013F0080F1EBF10F8014BAD1C0C1B09D1EA
:100200006D1E58BF01F801CBFAD505E014F8016B5B
:1002100001F8016B6D1EF9D59142D6D370470000ED
:100220000023002400250026103A28BF78C1FBD8FF
:10023000520728BF30C148BF0B60704764290CF0DB
:10024000838178290CF0BC8173290CF0EC820020AA
:1002500070471FB50CF07EFB1FBD10B510BD0CF034
:1002600047FB1146FFF7F5FF00F008F80CF065FBBF
:1002700003B4FFF7F2FF03BC00F0CCFAACB04FF4CC
:10028000407000F059FBA82000F042FA69496A4822
:100290000BF050FF0CF06AF84FF4E13000F0C7FAB1
:1002A0000124214664480BF0C8FB002162480BF092
:1002B0005CFB052160480BF058FB60A103C9CDE948
:1002C0002A0160A103C9CDE9280160A103C9CDE9D4
:1002D000260160A103C9CDE9240160A103C9CDE9CC
:1002E000220160A0006821905FA0006820905FA1BB
:1002F00003C9CDE91E015FA103C9CDE91C015FA1BE
:1003000003C9CDE91A015FA103C9CDE918015FA1B5
:1003100003C9CDE916015FA103C9CDE914015FA1AD
:1003200003C9CDE912015FA103C9CDE910015FA1A5
:1003300003C9CDE90E015FA103C9CDE90C015FA19D
:1003400003C9CDE90A015FA103C9CDE908015FA195
:1003500003C9CDE906015FA103C9CDE9040157A195
:1003600003C9CDE902015DA103C9CDE900015FE048
:100370004FF47A7000F02EFA2AAB002202212E48A8
:1003800005F07EF80A2000F025FA24AB00220221B5
:10039000294805F075F80A2000F01CFA28AB002265
:1003A0000221254805F06CF80A2000F013FA26AB6C
:1003B00000220221204805F063F80A2000F00AFA22
:1003C00008AB002202211C4805F05AF80A2000F070
:1003D00001FA6B4600220221174805F051F840F659
:1003E000B83000F0F7F928AB00220221124805F0DE
:1003F00047F80A2000F0EEF926AB002202210E4851
:1004000005F03EF80A2000F0E5F90AAB00220221CF
:10041000094805F035F80A2000F0DCF96B460022A7
:100420000221054805F02CF84FF47A6000F0D2F96B
:100430009EE7000040420F00800100202F60600016
:10044000010000002B406000060000002B4060000F
:100450000F00000023816000E8030000238160009A
:10046000F401000040D3300140646000237A600052
:1004700064000000237A60009CFFFFFF237A600085
:10048000E8030000237A600018FCFFFF237A600075
:10049000D0070000237A600030F8FFFF237A600065
:1004A000C4090000237A60003CF6FFFF237A600055
:1004B00088130000237A600078ECFFFF237A600045
:1004C00010270000237A6000F0D8FFFF237A600035
:1004D00050C30000237A6000B03CFFFF2B40600057
:1004E0005F000000704700BFFEE700BFFEE700BFEF
:1004F000FEE700BFFEE77047704770477047000097
:100500000CB50020019000907648006840F48030DF
:100510007449086000BF7348006800F40030009020
:100520000198401C0190009818B90198B0F5A04FAF
:10053000F1D16C48006800F4003010B10120009047
:1005400001E0002000900098012846D16548403025
:10055000006840F08050634940310860624800689C
:1005600040F44040604908605E48083000685D49DA
:10057000083108600846006840F4004008600846FA
:10058000006840F4A05008605848091F0860081F20
:10059000006840F08070091F086000BF5148006883
:1005A00000F000700028F9D040F205705049086052
:1005B0004C480830006820F003004A4908310860C0
:1005C0000846006840F00200086000BF4548083057
:1005D000006800F00C000828F8D10CBD10B54548A3
:1005E000006840F47000434908603E48006840F0ED
:1005F00001003C49086000203A4908310860394848
:1006000000683D490840374908603C48091D0860BA
:10061000081F006820F48020091F0860002031496D
:100620000C310860FFF76CFF4FF0006031498039F2
:10063000086010BD70B500200022022300240221B2
:10064000284D08352D6805F00C0020B1042806D08F
:10065000082834D107E02A4D2A4E356033E02A4D70
:10066000284E35602FE01F4D2D1D2D68C5F3805499
:100670001C4D2D1D2D6805F03F0154B1224DB5FBD9
:10068000F1F5184E361D3668C6F3881605FB06F2DE
:1006900009E01B4DB5FBF1F5124E361D3668C6F369
:1006A000881605FB06F20F4D2D1D2D68C5F301457B
:1006B0006D1C6B00B2FBF3F5124E356003E0104D7C
:1006C000104E356000BF00BF064D08352D68C5F3DC
:1006D00003150E4E705D0B4D2D68C540094E3560FB
:1006E00070BD000000380240007000400854400710
:1006F000003C024088ED00E0FFFFF6FE10300024D1
:100700000024F4000000002000127A000400002001
:1007100010B504466FF0040000F060F9E11704EB37
:100720005171C1F3C701394A11701046007800EBCE
:100730004001C1EBC0104FF6FF7101EAC00034491F
:10074000088010BD0146314A12784A434FF0E02339
:100750005A6100229A611A46126942F001021A6136
:1007600000BF4FF0E022106900F001021AB100F45E
:100770008032002AF5D04FF0E022126922F0010207
:100780004FF0E0231A6100229A6170470146204A27
:1007900012884A434FF0E0235A6100229A611A46B8
:1007A000126942F001021A6100BF4FF0E0221069A5
:1007B00000F001021AB100F48032002AF5D04FF0A7
:1007C000E022126922F001024FF0E0231A610022B8
:1007D0009A61704770B504464FF4077094FBF0F0CF
:1007E000C6B24FF4077094FBF0F100FB114085B2E4
:1007F00005E04FF40770FFF7C9FF701EC6B2002E68
:10080000F7D115B12846FFF7C1FF70BD14000020D5
:100810001600002000BF704700BF354A128802F062
:100820004002002AF9D0C2B2314B9A80704710B50D
:1008300088B004460121084600F012FC0121102076
:1008400000F068FC072209212A4800F0F6F9072287
:100850000A21284800F0F1F94FF4C0600690022008
:100860008DF81C008DF81D0000208DF81E00012061
:100870008DF81F0006A91F4800F054F902940020CB
:10088000ADF80C00ADF80E00ADF81000ADF8140096
:100890000C20ADF8120002A9154800F09CFD0121C2
:1008A000134800F020FE012240F22551104800F0CC
:1008B000D0FE25208DF804000F208DF805000020C3
:1008C0008DF8060001208DF8070001A800F039F826
:1008D00008B010BD10B540F22551054800F0F4FEF7
:1008E00028B1034800F02EFEC4B20148848010BD38
:1008F00000100140000002400948804709480047B5
:10090000FEE7FEE7FEE7FEE7FEE7FEE7FEE7FEE7BF
:10091000FEE7FEE704480549054A064B704700001C
:10092000DD05000889010008F0040020F00A00201D
:10093000F0060020F006002032490143324A1160DF
:10094000704770B5002100230F22C4781CB32E4CD1
:10095000246804F4E064C4F5E064C4F30721C1F141
:100960000404E3B20A4144789C40E1B28478144024
:1009700021430C07210E254C05786155047804F0BD
:100980001F050124AC4005786D11AD0005F1E0258F
:10099000C5F8004109E0047804F01F050124AC40CB
:1009A0001B4D0678761145F8264070BD194A0A405D
:1009B0000243154B1B1F1A60704739B1124A121DB2
:1009C00012680243104B1B1D1A6006E00E4A121DEE
:1009D000126882430C4B1B1D1A607047042808D113
:1009E0004FF0E021096941F004014FF0E02211616C
:1009F00007E04FF0E021096921F004014FF0E02207
:100A0000116170470000FA050CED00E000E400E021
:100A100080E100E080FFFF1F10B504469848844243
:100A200008D10121084600F086FB0021012000F0DA
:100A300082FB76E09348844208D10121022000F035
:100A40007AFB0021022000F076FB6AE08E488442A7
:100A500008D10121042000F06EFB0021042000F0E9
:100A60006AFB5EE08948844208D10121082000F039
:100A700062FB0021082000F05EFB52E084488442C3
:100A800008D10121102000F056FB0021102000F0B9
:100A900052FB46E07F48844208D10121202000F02B
:100AA0004AFB0021202000F046FB3AE07A488442CD
:100AB00008D10121402000F03EFB0021402000F041
:100AC0003AFB2EE07548844208D10121802000F0D5
:100AD00032FB0021802000F02EFB22E0704884428F
:100AE00008D10121801500F026FB0021A01500F09F
:100AF00022FB16E06B48844208D10121401500F02A
:100B00001AFB0021601500F016FB0AE066488442DB
:100B100007D10121001500F00EFB0021201500F087
:100B20000AFB10BDF0B50A4600210023002400BFD7
:100B30003DE0012505FA01F3156805EA03049C422E
:100B400034D105684F000326BE40B54305601579D2
:100B50004E00B5400668354305601579012D02D079
:100B60001579022D16D185684F000326BE40B54386
:100B7000856055794E00B540866835438560456887
:100B800001268E40B5434560456896798E40B6B2E1
:100B900035434560C5684F000326BE40B543C56078
:100BA000D5794E00B540C6683543C560491C10294B
:100BB000BFD3F0BD4FF6FF7101600021017141719B
:100BC0008171C171704708B54FF480320092009A6C
:100BD0000A430092009AC261C161009AC261C2696F
:100BE0000092C269009208BD0246002013690B40C2
:100BF0000BB1012000E0002070470146086980B277
:100C000070470246002053690B400BB1012000E001
:100C1000002070470146486980B2704701837047E1
:100C2000418370470AB1018300E04183704741610D
:100C3000704742694A4042617047F0B50023002482
:100C40004D07ED0E02FA05F3CE1000F1200555F820
:100C500026504E07F70E0F26BE40B543CF1000F1C9
:100C6000200646F82750CE1000F1200555F82650F2
:100C700045EA0304CE1000F1200545F82640F0BDFA
:100C8000000002400004024000080240000C024044
:100C9000001002400014024000180240001C0240F4
:100CA000002002400024024000280240F948006869
:100CB00040F00100F74908600020F649083108605B
:100CC000F4480068F4490840F2490860F348091DF7
:100CD0000860F348EF4984310860F0481038091D76
:100CE0000860EC48006820F48020EA490860002091
:100CF000E8490C310860E7498C31086070470021F1
:100D0000E44A921C117011460870704710B50146F4
:100D10000022002300204A11012A02D1DD4C236861
:100D200008E0022A03D1DB4C7034236802E0D94C7E
:100D30007434236801F01F02012494401C400CB15C
:100D4000012000E0002010BD38B5002000900024F4
:100D5000002500BF3120FFF7D9FF05460098401C51
:100D600000900098B0F5A04F01D0002DF2D03120B6
:100D7000FFF7CCFF08B1012400E00024204638BD75
:100D800001460020C34A106820F0F80040EAC10084
:100D900010607047C349086070470021BD4A703237
:100DA00011701170012802D004280AD104E0012139
:100DB000B84A7032117005E00521B64A70321170E0
:100DC00000E000BF00BF7047B7490860704770B5CA
:100DD000049C41EA82150126C6EB530645EA064506
:100DE000054345EA0465AB4E361D356070BDAD491F
:100DF00008667047820142EA0172A64B84331A608A
:100E00007047A8498866704710B5830143EA0163BB
:100E100043EA02739F4C8834236010BDA1490867E0
:100E20007047A049C864704702460020994B0833B8
:100E3000186820F0EC6042EA01031843954B083330
:100E40001860704702460020924B0833186820F063
:100E5000784042EA010318438E4B0833186070470C
:100E6000014600208B4A0832106820F00300084336
:100E70001060704787480830006800F00C00704729
:100E800001460020834A0832106820F0F000084331
:100E900010607047014600207E4A0832106820F436
:100EA000E05008431060704701460020794A08323C
:100EB000106820F4604040EAC10010607047F0B54F
:100EC000002100220024022500260223714F08374A
:100ED0003F6807F00C0121B1042905D0082937D15A
:100EE00005E0724F076036E0714F076033E0694FED
:100EF0003F1D3F68C7F38056664F3F1D3F6807F0B0
:100F00003F036EB16A4FB7FBF3F7DFF888C10CF10E
:100F1000040CDCF800C0CCF3881C07FB0CF40CE0DC
:100F2000624FB7FBF3F7DFF86CC10CF1040CDCF88F
:100F300000C0CCF3881C07FB0CF4564F3F1D3F68E4
:100F4000C7F301477F1C7D00B4FBF5F7076002E0A3
:100F5000564F076000BF00BF4E4F08373F6807F08D
:100F6000F0010909534F7A5C0768D7404760494F41
:100F700008373F6807F4E051890A4E4F7A5C4768AA
:100F8000D7408760434F08373F6807F46041490BFB
:100F9000484F7A5C4768D740C760F0BD002100F435
:100FA0004072B2F5407F0AD13A4A0832116821F402
:100FB000F811414A02401143364A08321160354A5D
:100FC00070321268C0F30B031A43324B70331A604D
:100FD00070473549443908607047334940390860E3
:100FE000704736490860704701460020294A8C3214
:100FF000106820F01F004A1E1043264A8C321060F1
:10100000704701460020234A8C32106820F4F850C3
:101010004A1E40EA02201F4A8C3210607047014687
:1010200000201C4A8C32106820F4401008431060E5
:10103000704701460020174A8C32106820F44000A7
:1010400008431060704701460020124A8C32106835
:1010500020F4403008431060704719490860704719
:1010600039B10C4A3032126802430A4B30331A60ED
:1010700006E0084A303212688243064B30331A6069
:101080007047F9B1034A343212680243014B3433DA
:101090001A601CE000380240FFFFF6EA103000241E
:1010A0000030002000004742800E47420024F40038
:1010B00000127A001C000020FFFCFF0F5C01474279
:1010C000E01147428F4A126882438E4B1A60704784
:1010D00039B18C4A121D126802438A4B1B1D1A60DB
:1010E00006E0884A121D12688243864B1B1D1A6057
:1010F000704739B1834A0C3212680243814B0C337A
:101100001A6006E07F4A0C32126882437D4B0C3332
:101110001A60704739B17B4A103212680243794B2A
:1011200010331A6006E0774A103212688243754B1A
:1011300010331A60704739B1724A243A1268024378
:10114000704B243B1A6006E06E4A243A12688243D0
:101150006C4B243B1A60704739B16A4A203A1268D6
:101160000243684B203B1A6006E0664A203A126848
:101170008243644B203B1A60704739B1614A1C3A84
:10118000126802435F4B1C3B1A6006E05D4A1C3A42
:10119000126882435B4B1C3B1A60704739B1594A55
:1011A000143A12680243574B143B1A6006E0554A42
:1011B000143A12688243534B143B1A60704739B19A
:1011C000504A103A126802434E4B103B1A6006E038
:1011D0004C4A103A126882434A4B103B1A607047DF
:1011E00039B1484A1C3212680243464B1C331A601C
:1011F00006E0444A1C3212688243424B1C331A6098
:10120000704739B13F4A2032126802433D4B2033C8
:101210001A6006E03B4A203212688243394B203381
:101220001A60704739B1374A243212680243354B8D
:1012300024331A6006E0334A243212688243314B69
:1012400024331A60704739B12E4A2C321268024397
:101250002C4B2C331A6006E02A4A2C321268824347
:10126000284B2C331A60704739B1264A3032126845
:101270000243244B30331A6006E0224A30321268AF
:101280008243204B30331A607047012808D11D4932
:101290003C31096841F008011A4A3C32116007E00C
:1012A00018493C31096821F00801164A3C321160A6
:1012B000704739B1134A273A12780243114B273B42
:1012C0001A7006E00F4A273A127882430D4B273BEB
:1012D0001A7070470B484030006840F08070094930
:1012E00040310860704701460020064A283A1268DB
:1012F0000A400AB1012000E0002070470149263968
:10130000087070473438024010B50446FA488442E9
:1013100008D101211020FFF752FF00211020FFF714
:101320004EFF57E0F548844209D101214804FFF7F8
:1013300035FF00214FF40030FFF730FF4AE0F0485E
:10134000844209D101218804FFF728FF00214FF4CE
:101350008020FFF723FF3DE0EA48844209D10121C4
:10136000C804FFF71BFF00214FF40020FFF716FF12
:1013700030E0E548844209D101210805FFF70EFF5E
:1013800000214FF48010FFF709FF23E0DF4884427B
:1013900008D101212020FFF712FF00212020FFF7B4
:1013A0000EFF17E0DA48844209D101218807FFF7D0
:1013B000F5FE00214FF08040FFF7F0FE0AE0D5482F
:1013C000844207D101214005FFF7E8FE00216005B6
:1013D000FFF7E4FE10BD2DE9FF4705460E46002449
:1013E000A14600BFA046B08900B100BF2C8A24F4FA
:1013F0004054F08804432C82AC8941F20C60844351
:10140000B08831890843718908430443AC81AC8AB0
:1014100024F44074B0890443AC826846FFF74FFD62
:10142000B548854202D0B948854202D1DDF80C901A
:1014300001E0DDF80890A88900F4004040B109EB14
:10144000C90000EB091031684900B0FBF1F707E073
:1014500009EBC90000EB091031688900B0FBF1F716
:101460006420B7FBF0F004012009642101FB10782F
:10147000A88900F4004040B1322000EBC800B0FB66
:10148000F1F000F00700044308E0322000EB081000
:101490006421B0FBF1F000F00F0004432C81BDE8A3
:1014A000FF874FF41651016000218180C1800181C6
:1014B0000C21418100218181704710B50246002036
:1014C000108A20F470600B884C8823438C88234357
:1014D000CC8823431843108210BD00210180418035
:1014E0008180C180704721B1828942F4005282819B
:1014F00004E082894DF6FF731A4082817047028BA7
:1015000002F47F420283028B0A430283704721B1B7
:10151000828942F40042828103E08289C2F30E0292
:101520008281704721B1828A42F40062828204E0A3
:10153000828A4FF2FF731A4082827047C1F3080219
:101540008280704701468888C0F308007047028A8D
:101550004FF6F0731A400282028A0A4302827047F1
:1015600021B1828942F00202828104E082894FF631
:10157000FD731A408281704782894FF2FF731A40CF
:10158000828182890A4382817047028A4FF6DF7323
:101590001A400282028A0A430282704721B1028AFB
:1015A00042F48042028204E0028A4BF6FF731A4042
:1015B00002827047818941F001018181704721B128
:1015C000828A42F00802828204E0828A4FF6F77330
:1015D0001A4082827047028BD2B20283028B42EAA7
:1015E00001220283704721B1828A42F02002828266
:1015F00004E0828A4FF6DF731A408282704721B17D
:10160000828A42F01002828204E0828A4FF6EF73EF
:101610001A4082827047828A4FF6FB731A40828298
:10162000828A0A438282704721B1828A42F0020292
:10163000828204E0828A4FF6FD731A4082827047EC
:101640001AB1838A0B43838202E0838A8B438382AD
:101650007047F0B50346002400260025002040F620
:101660006A17B94200D100BF1846C1F3421401F015
:101670001F06012707FA06F5012C01D10C3004E002
:10168000022C01D1103000E014301AB107682F434A
:10169000076002E00768AF430760F0BD0246002024
:1016A000B1F5007F00D100BF13880B400BB10120C2
:1016B00000E00020704701F40072B2F5007F00D115
:1016C00000BFCA430280704770B502460024002361
:1016D0000025002040F66A16B14200D100BFC1F3D8
:1016E000421501F01F03012606FA03F3012D13D161
:1016F0009689334017E0000000100140004400408C
:1017000000480040004C00400050004000140140E0
:1017100000780040007C0040022D02D1168A334040
:1017200001E0968A33400C12012606FA04F416886A
:10173000344013B10CB1012000E0002070BD10B5A1
:101740000022002340F66A14A14200D100BF0A1211
:1017500001249440A3B2DC43048010BD10B50446BC
:10176000FE48844209D101214806FFF717FD0021F8
:101770004FF00070FFF712FD08E001218806FFF727
:101780000DFD00214FF08060FFF708FD10BD30B562
:10179000024600200023146824F002041460146838
:1017A00044F00104146000E05B1C546804F0010480
:1017B0001CB94FF6FF74A342F6D1546804F001043B
:1017C0000CB900206CE08C79012C04D1146844F031
:1017D0008004146003E0146824F080041460CC7961
:1017E000012C04D1146844F04004146003E0146830
:1017F00024F0400414600C7A012C04D1146844F0E5
:101800002004146003E0146824F0200414604C7A6F
:10181000012C04D1146844F01004146003E014682F
:1018200024F0100414608C7A012C04D1146844F064
:101830000804146003E0146824F008041460CC7AEF
:10184000012C04D1146844F00404146003E014680B
:1018500024F0040414608C78A407CD7844EA05646D
:101860000D7944EA05444D7944EA05540D886D1E0E
:101870002C43D461146824F001041460002300E0B8
:101880005B1C546804F001041CB14FF6FF74A342C2
:10189000F6D1546804F001040CB1002000E00120EE
:1018A00030BD10B50021837A012202FA03F1AC4A5F
:1018B000126842F00102AA4B1A60A94A1C3212684F
:1018C0008A43A74B1C331A60027BCAB9A44A0C3264
:1018D00012688A43A24B0C331A604288C38842EADA
:1018E00003439F4A4032847A42F834300288838826
:1018F00042EA03439A4A4032847A02EBC4025360BC
:10190000027B012A19D1964A0C3212680A43944B81
:101910000C331A604288038842EA0343904A4032FB
:10192000847A42F83430C288838842EA03438C4A7E
:101930004032847A02EBC4025360C27A3AB9884AD0
:10194000121D12688A43864B1B1D1A6006E0844AEA
:10195000121D12680A43824B1B1D1A60028932B99C
:101960007F4A143212688A437D4B14331A6002890D
:10197000012A06D17A4A143212680A43784B14338A
:101980001A60427B012A06D1754A1C3212680A434A
:10199000734B1C331A60724A126822F00102704BBA
:1019A0001A6010BD00218171C17101724172817292
:1019B000C1728170C1700321017102214171012145
:1019C000018070476649096841F00101644A11606D
:1019D0001146096843F60E729143614A116011463F
:1019E000096841EA002111601146096821F00101EE
:1019F0001160704721B1026842F48032026003E056
:101A0000026822F4803202607047E1B1026842F05D
:101A1000800202604FF4C272125842F480734FF495
:101A2000C27213504FF4CA72125842F480734FF4CA
:101A3000CA7213504FF4D272125842F480734FF4AA
:101A4000D27213501BE0026822F0800202604FF451
:101A5000C272125822F480734FF4C27213504FF4C2
:101A6000CA72125822F480734FF4CA7213504FF4A2
:101A7000D272125822F480734FF4D272135070470E
:101A800010B502460020936803F08063B3F1806FC5
:101A900000D110E0936803F00063B3F1006F01D14F
:101AA000012008E0936803F08053B3F1805F01D117
:101AB000022000E00420042879D002F5C07303EB73
:101AC00000131B6803F0010402F5C07303EB00135D
:101AD0001C600B7A7BB94B7A0C8843EA445302F5BD
:101AE000C07404EB00142468234302F5C07404EBB3
:101AF0000014236010E00B7A4C6843EAC4034C7A6C
:101B0000234302F5C07404EB00142468234302F558
:101B1000C07404EB001423608B7A03F00F038B7204
:101B200002F5C07303EB00135B6823F00F0402F5AA
:101B3000C07303EB00135C6002F5C07303EB00138A
:101B40005B688C7A234302F5C07404EB0014636075
:101B50008B7B1C064B7B44EA034403E0006400409B
:101B6000006600400B7B44EA0323CC7A234302F552
:101B7000C07404EB0014A3608B7C1C064B7C44EA0D
:101B800003440B7C44EA0323CC7B234302F5C0745B
:101B900004EB0014E36002F5C07303EB00131B6851
:101BA00043F0010402F5C07303EB00131C6010BD89
:101BB00010B50246002321B1012907D002290FD117
:101BC00009E09068F94C00EA04030BE09068F84CD7
:101BD00000EA040306E09068F64C00EA040301E022
:101BE000002300BF00BFF44C181BA34216D007DC33
:101BF00083B16FF08060184470B1022818D111E0F1
:101C0000B0F5007F10D0ED4C204448B1B0F5003F56
:101C10000ED10BE002230DE000230BE0002309E0CE
:101C2000002307E0012305E0012303E0012301E095
:101C3000002300BF00BFD8B210BD21B1012907D0D9
:101C400002290FD109E0826842F0800282600AE036
:101C5000826842F40042826005E0826842F4000239
:101C6000826000E000BF00BF704710B500F5D87378
:101C700003EB01131B6803F004031372137A53B9C7
:101C800000F5D87303EB01131B6840F2FF7404EAFC
:101C90005353136009E000F5D87303EB01131B687D
:101CA0006FF0604404EAD303536000F5D87303EB8C
:101CB00001131B6803F00203537200F5D87303EBA2
:101CC00001135B6803F00F03937200F5D87303EB05
:101CD00001135B681B0AD37400F5D87303EB01137F
:101CE0009B68D37200F5D87303EB01139B681C0A41
:101CF000147300F5D87303EB01139B681C0C547329
:101D000000F5D87303EB01139B681B0E937300F56A
:101D1000D87303EB0113DB68D37300F5D87303EBBF
:101D20000113DB681C0A147400F5D87303EB01136C
:101D3000DB681C0C547400F5D87303EB0113DB68EB
:101D40001B0E937421B9C36843F02003C36003E002
:101D5000036943F02003036110BD21B9C26842F05A
:101D60002002C26003E0026942F020020261704773
:101D70000246002019B9D36803F0030006E00129E8
:101D800003D1136903F0030000E00020704710B591
:101D900002460B4600204FF6FF71BBB9146824F0D1
:101DA000020444F00104146000E0491E546804F089
:101DB0000304012C01D00029F7D1546804F0030476
:101DC000012C01D0002032E0012030E0012B13D1A2
:101DD000146824F00304146000E0491E546804F001
:101DE00003040CB10029F8D1546804F003040CB1C9
:101DF00000201CE001201AE0022B17D1146824F007
:101E0000010444F00204146000E0491E546804F028
:101E10000304022C01D00029F7D1546804F0030414
:101E2000022C01D0002002E0012000E0002010BDC3
:101E3000014600200A6822F0010242F002020A6014
:101E40004A6802F00302022A00D1012070470146CD
:101E50004FF6FF7200200B6823F002030B6000E0D6
:101E6000521E4B6803F00203022B01D1002AF7D166
:101E70004B6803F00203022B00D00120704701469B
:101E800000208A6902F070007047014600208A69CC
:101E9000100E7047014600208A69C2F30740704760
:101EA0001AB143690B43436102E043698B434361C9
:101EB000704710B50246002001F4700343B19369E6
:101EC000C1F3130423400BB101202DE000202BE0CF
:101ED00001F0807343B15368C1F3130423400BB185
:101EE000012021E000201FE001F0006343B193686E
:101EF000C1F3130423400BB1012015E0002013E0CF
:101F000001F0007343B1D368C1F3130423400BB154
:101F1000012009E0002007E01369C1F31304234006
:101F20000BB1012000E0002010BD0022244B99429B
:101F300002D10023836111E0C1F3130201F00073A9
:101F40000BB1C2600AE001F080630BB1026105E0F1
:101F500001F000630BB1826000E04260704702460E
:101F6000002002EA01030BB1012000E000207047CD
:101F700070B504460D46002660692840002872D0DE
:101F8000B5F5807F69D01DDC082D42D006DC012D1F
:101F90002DD0022D31D0042D7FD134E0102D3ED034
:101FA000202D42D0402D78D145E0000003000004F0
:101FB0000003000800000310000100080001FFF703
:101FC0007000F030B5F5004F61D009DCB5F5007F49
:101FD0004AD0B5F5806F4DD0B5F5006F5DD150E0BA
:101FE000B5F5803F2DD0B5F5003F56D12FE0A06864
:101FF0005549FFF7B4FF064651E0E0680321FFF7BB
:10200000AEFF06464BE0E0680821FFF7A8FF064652
:1020100045E0E0681021FFF7A2FF06463FE0206997
:102020000321FFF79CFF064639E020690821FFF7EE
:1020300096FF064633E020691021FFF790FF064621
:102040002DE060680821FFF78AFF064627E06068F8
:102050001021FFF784FF064621E0A0690121FFF768
:102060007EFF06461BE01BE0A0690221FFF777FF19
:10207000064614E0A0690421FFF771FF06460EE052
:102080000BE0A0697021FFF76AFF064607E0606871
:102090000421FFF764FF064601E0002600BF00E0D0
:1020A0000026304670BDB1F5007F3AD00FDC202904
:1020B00028D006DC01291CD004291DD0082940D1D4
:1020C0001DE0402921D0B1F5807F3AD126E0B1F55D
:1020D000004F31D006DCB1F5806F25D0B1F5006F2F
:1020E0002FD124E0B1F5803F12D0B1F5003F28D1C7
:1020F00011E0154A826025E00822C26022E0102229
:10210000C2601FE0082202611CE01022026119E097
:102110000822426016E01022426013E0042242606E
:1021200010E0042242600DE0042242600AE0002236
:1021300082610422426005E0002282610422426042
:1021400000E000BF00BF70470101010010B5044668
:10215000FE48844208D101210846FFF730F80021EB
:102160000120FFF72CF89DE0B4F1804F08D1012148
:102170000846FFF713F800210120FFF70FF891E060
:10218000F348844208D101210220FFF707F800211B
:102190000220FFF703F885E0EE48844208D10121D0
:1021A0000420FEF7FBFF00210420FEF7F7FF79E093
:1021B000E948844208D101210820FEF7EFFF002101
:1021C0000820FEF7EBFF6DE0E448844208D10121CE
:1021D0001020FEF7E3FF00211020FEF7DFFF61E093
:1021E000DF48844208D101212020FEF7D7FF0021DB
:1021F0002020FEF7D3FF55E0DA48844208D10121C0
:102200000220FEF7DCFF00210220FEF7D8FF49E0A4
:10221000D548844209D101210804FEF7D0FF0021EE
:102220004FF48030FEF7CBFF3CE0D048844209D128
:1022300001214804FEF7C3FF00214FF40030FEF7F0
:10224000BEFF2FE0CA48844209D101218804FEF76D
:10225000B6FF00214FF48020FEF7B1FF22E0C54811
:10226000844208D101214020FEF798FF0021402040
:10227000FEF794FF16E0C048844208D10121802077
:10228000FEF78CFF00218020FEF788FF0AE0BB48A4
:10229000844207D101218015FEF780FF0021A0159F
:1022A000FEF77CFF10BD00220288A84B98420ED09A
:1022B000AC4B98420BD0B0F1804F08D0A44B984261
:1022C00005D0A44B984202D0A34B984204D14FF6BC
:1022D0008F731A404B881A43A04B984207D0A04BEB
:1022E000984204D04FF6FF431A400B891A430280EC
:1022F0004B68C3620B880385944B984202D0994B7C
:10230000984201D18B7A03860123838270474FF074
:10231000FF3141600021018001814180817270475D
:102320000185828270470A46002101884FF68F732B
:10233000194011430180704741627047C162704784
:102340000146486A70470146088D704721B10288EE
:1023500042F00202028004E002884FF6FD731A4048
:102360000280704721B1028842F00402028004E03A
:1023700002884FF6FB731A400280704721B1028831
:1023800042F08002028004E002884FF67F731A4018
:102390000280704702884FF6F7731A400280028865
:1023A0000A430280704702884FF6FF431A400280BA
:1023B00002880A430280704721B1028842F001027C
:1023C000028004E002884FF6FE731A4002807047D4
:1023D00070B5002400220023058C4FF6FE763540B0
:1023E0000584028C8388048B4FF68F752C40B51EB4
:1023F0002C400D882C43751E2A408D892A434D8818
:102400002A43524DA84202D0564DA84213D14FF64E
:10241000F7752A40CD892A434FF6FB752A408D88EF
:102420002A434FF6FF652B404FF6FF552B400D8A90
:102430002B434D8A2B43838004838D68456302843C
:1024400070BD70B5002400220023058C4FF6EF7696
:1024500035400584028C8388048B48F6FF752C4038
:102460004FF6FF452C400D884FF6FF7606EA05250E
:102470002C434FF6DF752A408D8906EA05152A435D
:102480004D8806EA05152A43304DA84202D0354D45
:10249000A8421DD14FF67F752A40CD894FF6FF76B1
:1024A00006EA05152A434FF6BF752A408D8806EACD
:1024B00005152A434FF6FF352B404FF2FF752B4091
:1024C0000D8A06EA85052B434D8A06EA85052B43CE
:1024D000838004838D688563028470BD70B5002499
:1024E00000220023058C4FF6FF6635400584028CE0
:1024F0008388848B4FF68F752C404FF6FC752C40EB
:102500000D882C434FF6FF552A408D894FF6FF76F4
:1025100006EA05252A434D8806EA05252A430B4D80
:10252000A84202D00F4DA84238D14FF2FF752A4081
:10253000CD894FF6FF7606EA05252A434FF6FF358B
:102540002A408D8806EA05252A4319E0000001404B
:102550000004004000080040000C00400010004053
:1025600000140040000401400040014000440140CC
:102570000048014000180040001C004000200040BE
:102580004EF6FF752B404DF6FF752B400D8A06EA7F
:1025900005152B434D8A06EA05152B43838084835A
:1025A0008D68C563028470BD70B5002200230024CD
:1025B000058C4EF6FF7635400584038C8488828B2B
:1025C00048F6FF752A404FF6FF452A400D884FF622
:1025D000FF7606EA05252A434DF6FF752B408D89C7
:1025E00006EA05352B434D8806EA05352B43FE4D9B
:1025F000A84202D0FD4DA84208D14BF6FF752C40F1
:102600000D8A4FF6FF7606EA85152C438480828377
:102610008D680564038470BD002101804180818044
:1026200081608181C18101824182704770B503461A
:10263000002000241846183001258D40ACB21D8CB6
:10264000A5431D8409B108290AD100EB6100056882
:102650004FF68F76354005600568154305600FE03D
:102660000D1FC5F34E052844056848F6FF76354032
:10267000056005684FF6FF7606EA022635430560D9
:1026800070BD4163704781637047C16370470164E7
:1026900070470A460021018B4FF68F731940114392
:1026A000018370470A460021018B48F6FF731940E9
:1026B0004FF6FF7303EA02231943018370470A466A
:1026C0000021818B4FF68F7319401143818370472E
:1026D0000A460021818B48F6FF7319404FF6FF73BD
:1026E00003EA02231943818370470A460021018BC4
:1026F0004FF6F77319401143018370470A460021D2
:10270000018B4FF2FF7319404FF6FF7303EA022368
:102710001943018370470A460021818B4FF6F773F6
:1027200019401143818370470A460021818B4FF283
:10273000FF7319404FF6FF7303EA022319438183A5
:1027400070470A460021018B4FF6FB731940114375
:10275000018370470A460021018B4FF6FF33194071
:102760004FF6FF7303EA02231943018370470A46B9
:102770000021818B4FF6FB73194011438183704711
:102780000A460021818B4FF6FF3319404FF6FF7345
:1027900003EA02231943818370470A460021018B13
:1027A0004FF67F7319401143018370470A46002199
:1027B000018BC1F30E014FF6FF7303EA02231943A5
:1027C000018370470A460021818B4FF67F731940C1
:1027D0001143818370470A460021818BC1F30E01AA
:1027E0004FF6FF7303EA02231943818370470A46B9
:1027F0000021018C4FF6FD7319401143018470478D
:102800000A460021018C4FF6F773194011430184E9
:1028100070470A460021018C4FF6DF7319404FF6CE
:10282000FF7303EA02131943018470470A4600212B
:10283000018C4FF67F7319404FF6FF7303EA0213C2
:102840001943018470470A460021018C4FF6FF535B
:1028500019404FF6FF7303EA0223194301847047BE
:102860000A460021018C4FF2FF7319404FF6FF73A7
:1028700003EA02231943018470470A460021018CB0
:102880004DF6FF7319404FF6FF7303EA0233194305
:102890000184704730B5002301248C40A3B2048C1E
:1028A0009C430484048C02FA01F5ADB22C430484E9
:1028B00030BD30B5002304248C40A3B2048C9C436B
:1028C0000484048C02FA01F5ADB22C43048430BDBB
:1028D000828B4FF2FF331A408283828B4FF6FF7355
:1028E00003EA01231A4382837047F0B50C4615466C
:1028F000002100220026078C4EF6FF7C07EA0C0719
:102900000784818B028C4FF6FF7707EA043640F686
:10291000FF4739404FF6FF7707EA052739434FF65F
:10292000FF7707EA0337394345F6FF773A4046F425
:1029300080573A4381830284F0BD828B4FF6F37354
:102940001A408283828B0A4382837047F0B50C461B
:102950001546002100220026078C4FF6FF6C07EA7F
:102960000C070784818B028C4FF6FF7707EA042659
:102970004FF60C7739404FF6FF7707EA03172F43DE
:1029800039434FF2FF573A4046F480773A43818308
:102990000284F0BD028B4FF2FF331A400283028B98
:1029A0004FF6FF7303EA01231A4302837047F0B521
:1029B0000C461546002100220026078C4FF6EF7CBE
:1029C00007EA0C070784018B028C4FF6FF7707EAB2
:1029D000041640F6FF4739404FF6FF7707EA033702
:1029E00039434FF6FF7703E0000001400004014047
:1029F00007EA052739434FF65F773A4046F010075C
:102A00003A4301830284F0BD028B4FF6F3731A4000
:102A10000283028B0A4302837047F0B50C461546C9
:102A200000210022068C4FF6FE773E400684018B83
:102A3000028C4FF60C7631407E1C06EA03162E43BC
:102A400031434FF6F576324044F0010632430183BC
:102A50000284F0BD70B505460C46208850B9238924
:102A6000A28861882846FFF7D8FFE1882846FFF74B
:102A7000CBFF25E0208804280AD12389A288618819
:102A80002846FFF794FFE1882846FFF783FF17E009
:102A9000208808280AD12389A28861882846FFF760
:102AA00055FFE1882846FFF748FF09E02389A288FF
:102AB00061882846FFF719FFE1882846FFF708FFDD
:102AC00070BD002101804180012181800021C180F1
:102AD000018170472DE9F04105460C46002601278B
:102AE000608808B9022600E00026A088012801D1EC
:102AF000022700E001272088A0B92389A2886188E5
:102B00002846FFF78AFFE1882846FFF77DFF2389E3
:102B10003A4631462846FFF74AFFE1882846FFF744
:102B200039FF13E02389A28861882846FFF73FFF19
:102B3000E1882846FFF72EFF23893A46314628468A
:102B4000FFF76BFFE1882846FFF75EFFBDE8F081E5
:102B50000146486B70470146886B70470146C86B59
:102B600070470146086C70470A884B881A438B8867
:102B70001A43CB881A430B891A434B891A438B8912
:102B80001A43A0F8442070470021018041808180D1
:102B9000C180018141818181704731B1B0F8442009
:102BA00042F40042A0F8442005E0B0F84420C2F30B
:102BB0000E02A0F84420704721B1828842F004023E
:102BC000828004E082884FF6FB731A40828070474F
:102BD00021B1828842F00102828004E082884FF6AF
:102BE000FE731A40828070471AB183890B43838138
:102BF00002E083898B43838170478182704702465C
:102C00000020138A0B400BB1012000E00020704728
:102C1000CA430282704730B50246002000230024D8
:102C2000158A05EA0103958905EA010413B10CB17F
:102C3000012000E0002030BDCA430282704741EA13
:102C40000203A0F8483070471AB183890B4383818F
:102C500002E083898B438381704721B1828842F0EF
:102C60000802828004E082884FF6F7731A4082805F
:102C7000704701894FF6F8721140018170470A468A
:102C8000002101894FF68F7319401143018170476C
:102C900030B504460D4629462046FFF7F0FF20894F
:102CA00040F00700208130BD2DE9F04104460D467B
:102CB00016461F46602D06D13B460122314620466E
:102CC000FFF775FE05E03B46012231462046FFF73F
:102CD000A4FE29462046FFF7D2FF208940F00700D6
:102CE0002081BDE8F08130B50C4600210189C9B2D0
:102CF0004FF6FF7505EA0325154325432943018156
:102D000030BD2DE9F04105460E4617469846002491
:102D100043463A4631462846FFF7E5FF2C894FF6F1
:102D2000F870044044F007044FF68F70044044F0FC
:102D300070042C81BDE8F081F0B504460D461646BE
:102D40001F463B46324629462046FFF7CCFF2089E6
:102D500040F480402081F0BD82884FF68F731A4086
:102D6000828082880A438280704702894FF6F87316
:102D70001A40028102890A430281704702894FF694
:102D80007F731A40028102890A4302817047F0B5BD
:102D90000C4615461E460021002200230189028BA5
:102DA000038C4FF6F877394021434FF6FC473A4001
:102DB00040F201173A434FF6DD773B404FF6FF777D
:102DC00007EA06172F433B43018102830384F0BDCA
:102DD00021B1828842F08002828004E082884FF62E
:102DE0007F731A4082807047A0F85010704700002F
:102DF00030B503460C46D3F80C02007860B90021C8
:102E000006E00020D3F8105245F82100481CC1B25A
:102E100093F809028842F4DC002030BD10B5044666
:102E2000AFF23303002241F20301204601F0CDF856
:102E30000020D4F80C12087010BD7047F0B585B0B2
:102E400004460D4617461E460020B4A143F2510326
:102E50006E22CDE90010B4A1B9A009F00BFBD4F8A3
:102E60001802008880B2ADF8080000208DF80A0032
:102E700008208DF80B00E8B28DF80C00290A8DF8B7
:102E80000D108DF80E702EB90021CDF80F108DF8B1
:102E9000131005E03168CDF80F1031798DF813105B
:102EA00002A9D4F8E40109F0CDF905B0F0BD2DE98F
:102EB000FC4704460E4690469946002522E004F55C
:102EC000077030F82500B0421AD104F5077000EB06
:102ED0008500C07868B100209FA143F2520393227D
:102EE000CDE9001090A196A009F0C4FA0020BDE839
:102EF000FC87012104F5077000EB8500C17003E039
:102F0000681CC5B2082DDADB00BF082D0DD10025E5
:102F100008E004F5077000EB8500C07800B903E015
:102F2000681CC5B2082DF4DB00BF082D0CD10020B1
:102F300090A143F253039F22CDE900107AA180A013
:102F400009F098FA0120D2E704F5077020F825600F
:102F500000EB850080F80280012104F5077000EB8A
:102F60008500C170012084F80802002500270EE0CA
:102F700004F5077000EB8500C078012805D104F541
:102F8000077000EB850080780743681CC5B2082DE8
:102F9000EEDBD4F81402077094F80902401EC5B2A3
:102FA0000BE0D4F8100200EB850050F8040CD4F8C4
:102FB000101241F82500681EC5B2002DF1DC46EA6A
:102FC0000940D4F810120860D4F80C02007894F884
:102FD0000912884206DAD4F80C020078401CD4F8B2
:102FE0000C1208707F20005D40B1D4F81402027802
:102FF000002331462046FFF721FF78E7012076E7DE
:103000002DE9FC4105460F464FF00008002408E07A
:1030100005F5077030F82400B84200D103E0601CC9
:10302000C4B2082CF4DB00BF082C34D005F50770BF
:1030300000EB8400C07801282DD1002105F5077030
:1030400000EB8400C170002400260FE005F5077036
:1030500000EB8400C078012806D1804605F5077092
:1030600000EB840080780643601CC4B2082CEDDBC2
:10307000B8F1000F0BD1002085F808027F20405DD9
:1030800028B100231A4619462846FFF7D7FED5F87F
:10309000140206700AE000203AA143F25403E2222F
:1030A000CDE9001020A126A009F0E4F9BDE8FC81DB
:1030B0002DE9FC4105460C4600203AA143F2550398
:1030C000F422CDE9001018A11DA009F0D3F9E07891
:1030D00008280CD020883AA141F25603F822CDE905
:1030E000001011A116A009F0C5F9BDE8FC812078F7
:1030F00000F07F062179607941EA002794F8068084
:10310000E01D009043463A4631462846D5F83CC279
:10311000E04700BFE9E710B5029C10BD73656E641F
:10312000454D4359000000002E2E5C43414E6F7008
:10313000656E5C7372635C656D63792E630000007D
:1031400025732C2564203A203058257820257320BB
:1031500030582578200D0A00454D4359206D657380
:103160007361676520616C72656164792073656E57
:10317000740000006572726F725F64617461206632
:10318000756C6C007265636F76657265642065723C
:10319000726F7220776173206E6F7420616374693F
:1031A00076650000454D4359207265636569766513
:1031B000642E2050726F636565642E20000000004D
:1031C0004572726F722073697A6520454D43592E9E
:1031D00020436F62496420203A20000002460F20FD
:1031E000802902DA02F1B403585C704770B50446D6
:1031F0000D46D4F8A00050F82500C0F307464FF064
:10320000FF30D4F8A41021F81500012104F1B40016
:10321000815531462046D4F8B020904770BD2DE945
:10322000F04786B004460F46387800F07F05B8783E
:10323000012835D120680078A84230D12068007874
:1032400000F5E066ADF80C6001208DF80F0000205D
:103250008DF80E0094F87C008DF8100094F8E001D1
:1032600048B19DF8100040F080008DF8100000205B
:1032700084F8E00102E0012084F8E00194F87C0089
:10328000EFA143F230137222CDE90010F7A1FEA0A6
:1032900009F0F0F803A9D4F8E40108F0D3FF67E0DF
:1032A000387900F07F08FEA043F210137A22EFA1D4
:1032B000CDE90005F4A009F0DDF8D4F8400101786B
:1032C00004F5A27041559038405D404509D0424612
:1032D00029462046D4F8DC31984704F1B40000F8C0
:1032E000058004F1B400405D70B9F3A04FF444537D
:1032F0009022DEA1CDE90005E3A009F0BBF8294644
:103300002046D4F8D821904704F1B400405D0F283E
:103310002DD0002625E0D4F8A00050F82600C0F3F8
:1033200007494D451BD1D4F8A00030F826001FFAFC
:1033300080FAD4F8A41031F9160008F01AFE002023
:10334000009064200AFB00F3AFF25F123146204682
:1033500008F0BAFDD4F8A41021F8160000BF701CC4
:10336000C6B2D4F89C000078B042D4DC00BF00BFE5
:1033700006B0BDE8F08770B586B004460E46D4F8B6
:10338000A8000088002821D02068007800F5E065BA
:10339000ADF80C5001208DF80F0000208DF80E00C4
:1033A00094F87C008DF8100094F87C00CBA143F2D7
:1033B0003013BE22CDE90010ACA1B3A009F05AF839
:1033C00003A9D4F8E40108F03DFF05E0B4F9AC002E
:1033D00008F0CFFDA4F8AC0006B070BD7CB5044683
:1033E0000E46D4F83C01008800283FD00020C1A13F
:1033F0000346D922CDE900109CA1A3A009F03AF818
:10340000002530E004F1B400405D0F2829D0206889
:103410000078A84225D004F5A270405D002814DC95
:10342000BCA00023E62291A1CDE9000596A009F0F9
:1034300021F8D4F8380120B129462046D4F83821A3
:103440009047012104F1B400415504F5A270405D9C
:10345000401EC1B204F5A27041552946204600F035
:10346000CDF9681CC5B2802DCCDB05E0B4F9340180
:1034700008F07FFDA4F834017CBD7CB50446AD4B5B
:10348000002241F20C01204600F09FFDA94B0022D2
:1034900041F20D01204600F098FDD4F83C0100886F
:1034A000002840D0D4F84001007800283BD0D4F860
:1034B0003C010688642106FB01F006FB01F3AFF234
:1034C000E30200210090204608F0FEFCA4F834013D
:1034D00099A000234FF4A77264A1CDE900066AA069
:1034E00008F0C8FF002510E004F1B400405D0F288B
:1034F00009D020680078A84205D0D4F840010178AE
:1035000004F5A2704155681CC5B2802DECDB00208B
:103510008CA1034640F25712CDE9001053A15AA0E6
:1035200008F0A8FF00BF7CBD10B50446B4F9340113
:1035300008F01FFDA4F8340110BD70B504460D4617
:1035400016462046FFF7F0FF2046FFF796FF0020C3
:1035500070BDF8B504460E461746A834B4F9040009
:1035600008F007FDA08054F8A809008880B1D4F8BD
:10357000A8000588642105FB01F00023AFF20922B1
:1035800019460090204608F09FFCA4F8AC0000BF4C
:103590000020F8BDF8B50446AFF24903002241F21D
:1035A0001701204600F011FD002084F8E0010025FD
:1035B00016E0D4F8A00030F8250086B276B10020DD
:1035C0000090642006FB00F3AFF2DF32294620466C
:1035D00008F07AFCD4F8A41021F81500681CC5B2D4
:1035E000D4F89C000078A842E3DCD4F8A800008856
:1035F00088B1D4F8A8000688642106FB01F006FB18
:1036000001F3AFF28D2200210090204608F05CFC0F
:10361000A4F8AC0000BFF8BD70B5044600250BE06F
:10362000D4F8A41031F9150008F0A3FCD4F8A410C4
:1036300021F81500681CC5B2D4F89C00007891E010
:1036400053656E64696E67204E4D54204E6F6465FD
:10365000677561726420746F206D61737465722C7C
:103660002073746174653A20000000002E2E5C43C4
:10367000414E6F70656E5C7372635C6C6966656702
:1036800072642E630000000025732C2564203A200C
:10369000305825782025732030582578200D0A00D1
:1036A0005265636569766564204E4D54206E6F6483
:1036B000654964203A200000546865204E4D54202E
:1036C0006973206120626F6F7475702066726F6D10
:1036D000206E6F6465203A200000000050726F6415
:1036E0007563696E67206865617274626561743ABA
:1036F0002000000050726F647563696E67206E6F02
:10370000646567756172642D726571756573747334
:103710003A2000004E6F6465204775617264206135
:103720006C61726D20666F72206E6F6465496420F3
:103730003A2000003B350008477561726454696D9A
:10374000653A200054696D657220666F72206E6F55
:1037500064652D6775617264696E67207374617248
:1037600074657400A8423FF75BAFB4F9AC0008F091
:1037700000FCA4F8AC0070BD10B504462046FFF76D
:1037800009FF2046FFF779FE10BD10B5044620461C
:10379000FFF742FF2046FFF7C7FE10BD7047704796
:1037A0007047704770B586B006460C4615462FA088
:1037B00043F20153322231A1CDE9000536A008F0D1
:1037C00059FE3BA043F2025333222CA1CDE9000461
:1037D00031A008F04FFE0020ADF80C008DF80E006F
:1037E00002208DF80F008DF810508DF8114003A9BC
:1037F000D6F8E40108F026FD06B070BD70B586B0BD
:1038000005460C4644F4E066ADF80C6001208DF8E6
:103810000E0000208DF80F0029A043F2035351221F
:1038200016A1CDE900041CA008F024FE03A9D5F8D8
:10383000E40108F007FD06B070BD70B504460D4602
:103840000F2104F1B40041555DB9002000BF05E02F
:103850000F2204F1B4010A54411CC8B28028F7DBDE
:1038600000BF29462046FFF7C9FF70BD53656E644F
:103870005F4E4D54206373203A2000002E2E5C438F
:10388000414E6F70656E5C7372635C6E6D744D61FA
:10389000737465722E63000025732C2564203A2012
:1038A000305825782025732030582578200D0A00BF
:1038B00020202020746F206E6F6465203A20000065
:1038C00053656E645F4E4F44455F475541524420F7
:1038D000746F206E6F6465203A2000007CB504464A
:1038E0000D4694F87C007F2807D094F87C000528CA
:1038F00003D094F87C0004286AD1687947A14FF47A
:1039000050533222CDE900104BA152A008F0B2FD75
:10391000687920B1687921680978884258D1287976
:10392000802824D004DC012807D002284FD111E0E0
:10393000812829D082284AD132E094F87C007F285F
:1039400003D094F87C00042803D10521204608F018
:103950000CF83CE094F87C007F2803D094F87C00BD
:10396000052803D10421204607F0FFFF2FE094F83B
:103970007C00052803D094F87C00042803D17F2123
:10398000204607F0F2FF22E0D4F8940018B1204658
:10399000D4F8941088470021204607F0E6FF16E08F
:1039A000204608F046F80646D4F8980018B120469C
:1039B000D4F898108847FF202168087031462046C7
:1039C00008F03BF80021204607F0CFFF00BF00BF02
:1039D0007CBD10B586B00446002024A143F2074305
:1039E0007E22CDE9001014A11AA008F043FD216841
:1039F000097841F4E060ADF80C0000208DF80E006D
:103A000001208DF80F0000208DF8100003A9D4F8D4
:103A1000E40108F017FC06B010BD00004E4D542024
:103A200072656365697665642E20666F72206E6FBD
:103A30006465203A202000002E2E5C43414E6F70BA
:103A4000656E5C7372635C6E6D74536C6176652E2B
:103A50006300000025732C2564203A203058257817
:103A60002025732030582578200D0A0053656E6498
:103A7000206120426F6F742D5570206D7367200098
:103A80002DE9FC4104460E4617469846089DD8A0ED
:103A900042F609333122DBA1CDE90004E0A008F0B1
:103AA000E9FCE5A042F610333222D6A1CDE90006AA
:103AB000DBA008F0DFFCE649681A8D4238D00DDC47
:103AC000E4482844002828D0A0F57F40FE3870B193
:103AD000A0F500304138002860D13EE06FF400319D
:103AE000084478B1202843D0212857D14BE0DAA0F0
:103AF00042F611333522C3A1CDE90004C8A008F075
:103B0000B9FC56E0D9A042F612333822BDA1CDE966
:103B10000006C3A008F0AEFC4BE0D9A042F6133378
:103B20003B22B8A1CDE90004BDA008F0A3FC40E011
:103B3000DDA042F614333E22B2A1CDE90007B8A0C1
:103B400008F098FCE3A042F615333F22ADA1CDE981
:103B50000008B3A008F08EFC2BE0E6A042F6163376
:103B60004222A8A1CDE90004ADA008F083FC20E02A
:103B7000EBA042F617334522A2A1CDE90005A8A08B
:103B800008F078FC15E0F2A042F6183348229DA117
:103B9000CDE90005A2A008F06DFC0AE0F8A042F60D
:103BA00020334B2297A1CDE900059DA008F062FCCF
:103BB00000BF00BF0020BDE8FC812DE9FE4F81461B
:103BC0008A4614469846DDE90C6B02AA51464846DF
:103BD000D9F8E83198470546029810B10298BDE837
:103BE000FE8F2879A04209DCEB4800231A462146C3
:103BF00000905046FFF744FFE748F0E70E9800B307
:103C0000286800EB0410007800F00100C8B12868B3
:103C100000EB04100078E1A142F630336C22CDE9CC
:103C2000001078A17EA008F025FC8A48C04300233C
:103C30001A46214600905046FFF722FF8548C043B0
:103C4000CDE7B8F1000F02D14FF00060C7E7286858
:103C500000EB041040683168884206D9286800EB00
:103C6000041040683060D148B9E7286800EB0410C0
:103C700040788BF80000286800EB0410476828683B
:103C800000EB04103A468168404608F0F1FC9BF8CE
:103C90000000092801D037600DE0286800EB04100F
:103CA00040683168884205D2002008F80700781C77
:103CB000306000E03760002091E72DE9FF4F83B0CE
:103CC00080468B461446109D02AA59464046D8F8B5
:103CD000E83198470646029818B1029807B0BDE847
:103CE000F08F3079A04209DCAB48009000222146D9
:103CF00058462B68FFF7C4FEA748EFE71198F8B1C4
:103D0000306800EB04100078022819D1306800EB0D
:103D100004100078A1A142F62533BD22CDE90010A0
:103D200038A13FA008F0A6FB4A484042009000227C
:103D3000214658462B68FFF7A3FE46484042CDE790
:103D4000306800EB041090F80190306800EB04102C
:103D50004768306800EB0410D0F80CA0286810B158
:103D60002868B84242D8D8F8242048460699904797
:103D70000290029848B1029800903A46214658466F
:103D80002B68FFF77DFE0298A8E7316801EB04116C
:103D900088682A68069908F06BFCB9F1090F09D107
:103DA0002868B84206D20020316801EB0411896806
:103DB0002A6888542F60BAF1000F08D02246314695
:103DC0004046D0470290029808B1029886E73068D2
:103DD00000EB0410007800F0040030B12246594690
:103DE0004046D8F8EC31984778E7E1E0E2E000009F
:103DF00044696374696F6E61727920696E64657875
:103E0000203A20002E2E5C43414E6F70656E5C732D
:103E100072635C6F626A61636365732E63000000A6
:103E200025732C2564203A203058257820257320CE
:103E300030582578200D0A00202020202020202026
:103E4000202020737562696E646578203A20000036
:103E500010000706FEFFFEF9496E646578206E6F5C
:103E60007420666F756E642000000000537562490F
:103E70006E646578206E6F7420666F756E642000C6
:103E80005772697465206E6F7420616C6C6F776512
:103E9000642C206461746120697320726561642000
:103EA0006F6E6C7920000000436F6E666C696374FE
:103EB0002073697A6520646174612E2053686F7580
:103EC0006C64206265202862797465732920203A29
:103ED0002000000042757420796F75206861766556
:103EE00020676976656E207468652073697A65203D
:103EF000203A20004E6F74206D61707061626C65B5
:103F0000206461746120696E20612050444F2061FB
:103F10007420696E646578202020203A200000001B
:103F200056616C75652072616E6765206572726F8F
:103F300072203A2076616C756520746F6F206C6F0B
:103F4000772E2053444F61626F7274203A20000034
:103F500056616C75652072616E6765206572726F5F
:103F600072203A2076616C756520746F6F206869E5
:103F700067682E2053444F61626F7274203A2000AC
:103F8000556E6B6E6F776E206572726F7220636F05
:103F90006465203A20000000110009064163636552
:103FA00073732054797065203A20000005000405E1
:103FB000002093E62F60134800903A462146584669
:103FC0002B68FFF75DFD0F4888E62DE9F8430546AD
:103FD000884614461E466A4641462846D5F8E831CA
:103FE00098470746009830B93879A04203DD386811
:103FF00000EB0410C6600098BDE8F883034600207B
:1040000070470000100007062DE9FF4FDDE90D4560
:104010006CE0A5EB020A4FFA8AF3002B04DD91F85D
:1040200000A00AFA03FA05E091F800A0C3F1000B22
:104030004AFA0BFA0AF0FF0C002B02DDC5F1080A60
:1040400001E0C2F1080A0AF0FF08804501DD82465E
:1040500000E0C246564605EB060B4FF0FF0A0AFA8F
:104060000BFAC5F1080E4FF0FF0B4BFA0EFB4AEAB4
:104070000B0A0AF0FF072CEA070994F800A00AEAE5
:10408000070A84F800A094F800A04AEA090A84F814
:1040900000A002EB060A0AF0FF0A5246BAF1070F27
:1040A0000BDD0022DDF80CA0BAF1000F02D04FF0BA
:1040B000FF3A01E04FF0010A514405EB060A0AF00D
:1040C000FF0A5546BAF1070F0BDD0025DDF83CA0CD
:1040D000BAF1000F02D04FF0FF3A01E04FF0010AB1
:1040E0005444A0EB060A0AF0FF0000BF002890DC51
:1040F000BDE8FF8F2DE9F04F8DB004468A46154686
:1041000061690989606800EBC10000EBCA000C908E
:1041100061694989606800EBC10000EBCA0B4FF090
:1041200000090026DBF8000080680B900C980068FE
:1041300080690088C0F30A0028800020A8700C98CD
:10414000006880690068F2A143F209033D22CDE9CD
:104150000010F4A1F9A008F08DF90B980078FDA1EA
:1041600043F20D033F22CDE90010EEA1F3A008F0C9
:1041700081F900BF00200890099009F10100DBF8E7
:10418000001001EB001087683868000C079097F862
:104190000080B8F1000F60D006EB080040285CD822
:1041A000A8F10100012101EBD00006903888C0F38E
:1041B00007200590EFA1386843F20F035322CDE9A1
:1041C0000010D8A1DDA008F055F9BBF80600F0A159
:1041D00043F250035422CDE90010D2A1D7A008F039
:1041E00049F909F10100EEA143F251035522CDE94D
:1041F0000010CCA1D1A008F03DF9012000210AAAAD
:1042000006ABCDE90032CDE9021008AB2046059A95
:104210000799FFF7D2FC00280ED0E6A1386841F2DA
:1042200013035A22CDE90010BEA1C4A008F022F960
:10423000FF200DB0BDE8F08F002206F00700291D19
:1042400001EBD601CDE90102009108F0FF00134611
:1042500008A9FFF7D9FE464400BF09F1010000F0AC
:10426000FF090B980078484584DC701E012101EBA2
:10427000D000E8700020DEA143F215036B22CDE9E7
:104280000010A8A1ADA008F0F5F80020D1E72DE9B5
:10429000FE4304460D4660698688A069B0F8048034
:1042A0008220005D10B90020BDE8FE83D7A043F650
:1042B000301388229BA1CDE90005A0A008F0DAF810
:1042C000002E28D0B5F5A05F25DBA5F5A050304421
:1042D00086B246451EDC606850F836008769D3A177
:1042E000386843F630139222CDE900108DA193A0D7
:1042F00008F0C0F8388880B2ADF8000001208DF8D1
:10430000020000208DF803006946D4F8E40107F0AC
:1043100099FFC9E700BFCCA041F631139C2281A1CF
:10432000CDE9000585A008F0A5F8FF20BCE77CB525
:1043300005460E46144606EBC601A86800EB410090
:10434000216840F8061F61684160A168816020888B
:10435000C8A143F66D1340F2E712CDE9001071A138
:1043600076A008F087F8E078C6A143F66E134FF404
:10437000F472CDE900106BA170A008F07BF8214623
:10438000D5F8E40107F05EFF7CBD70B505460C462C
:104390004FF0FF3004EBC402A96801EB42018880B2
:1043A00004EBC401A86810F8110020F0010004EB30
:1043B000C402A96801F81200E1B2284600F001F831
:1043C00070BD2DE9F04385B004460D468220005DA6
:1043D00038B105EBC501A06810F8110000F001002C
:1043E00018B1002005B0BDE8F08360690089284459
:1043F00086B2606850F836008069006800F00040BE
:1044000008B10020EEE7606850F83600806A007856
:10441000A1A143F6681340F20F22CDE9001041A19B
:1044200046A008F027F8002002900390049002AA0A
:1044300029462046FFF75EFE60B1A0A043F60713B1
:1044400040F2152237A1CDE900053CA008F012F892
:104450000020C7E705EBC501A06800EB4100C0885C
:10446000BDF80810884217D105EBC501A06800EB24
:104470004100407A9DF80B1088420DD105EBC50232
:10448000A16801EB420101F10A00082203A908F02A
:10449000C3F808B90020A5E790A043F26A0340F2F0
:1044A0002A2220A1CDE9000524A007F0E3FF6068DF
:1044B00050F83600806D0788606850F83600806BD1
:1044C000B0F80080C7B105EBC502A16801EB42015D
:1044D000B1F9020007F04DFD00200090642007FBB9
:1044E00000F3844A2946204607F0EEFC05EBC5029E
:1044F000A16801EB42014880B8F1000F07D005EB3D
:10450000C502A16801EB4201B1F90400F4E016E133
:10451000202050444F20436F624964206973203A41
:10452000200000002E2E5C43414E6F70656E5C7360
:1045300072635C70646F2E630000000025732C258D
:1045400064203A203058257820257320305825786B
:10455000200D0A0020204E756D626572206F662066
:104560006F626A65637473206D6170706564203A70
:10457000200000002020676F74206D617070696EEC
:104580006720706172616D65746572203A20000069
:1045900020202020617420696E646578203A200014
:1045A000202020207375622D696E646578203A2082
:1045B0000000000020436F756C646E2774206669EC
:1045C0006E64206D617070656420766172696162ED
:1045D0006C6520617420696E6465782D73756269FD
:1045E0006E6465782D73697A65203A2000000000BA
:1045F0002020456E64207363616E206D617070656C
:1046000064207661726961626C65000073656E6436
:1046100050444F72657175657374205250444F2039
:10462000496E646578203A200000000073656E646E
:1046300050444F7265717565737420636F6249648D
:10464000206973203A20000073656E6450444F72F5
:10465000657175657374203A205250444F20496E3D
:10466000646578206E6F7420666F756E64203A20E2
:104670000000000073656E6450444F20636F624910
:1046800064203A0020202020204E62206F63746551
:10469000747320203A200000202050444F2069737A
:1046A000206F6E204556454E542E205472616E7315
:1046B0002074797065203A200000000020436F7557
:1046C0006C646E2774206275696C64205450444F8A
:1046D000206E756D626572203A2000004368616E3D
:1046E000676573205450444F206E756D626572206B
:1046F0003A2000004F47000807F03BFC642008FB0D
:1047000000F00A21B0FBF1F900204B46AFF28532F0
:1047100029460090204607F0D7FB05EBC502A168AB
:1047200001EB4201888005EBC501A06810F811007B
:1047300040F0010005EBC502A16801F8120002AAD1
:1047400029462046FFF7F3FD00BF01204AE670B579
:1047500005460C464FF0FF3004EBC402A96801EB9C
:1047600042014880002004EBC402A96801EB420129
:10477000C880E1B22846FFF724FE70BD2DE9F04F56
:104780008DB004460F4600200C9080460B900A9096
:10479000022009903888C0F30A00F7A143F63513C8
:1047A000C022CDE90010AFF28421AFF2702007F0F3
:1047B00061FEC1460025AB46B87800287ED160690D
:1047C0008688A06980880790002E78D029E1099812
:1047D000022802D004281AD121E0606850F836007F
:1047E00080690A900A9800683988884210D10420AC
:1047F000099005F5A050E6A143F63613D522CDE980
:104800000010AFF2E021AFF2CC2007F033FE07E159
:10481000681CC5B2701C86B20220099000E1606974
:10482000C688A069C0880790606800EBC60050F891
:10483000350080680C904FF0000BCCE00020059014
:104840000690606800EBC60050F835100BF10100CF
:1048500001EB0010D0F80880B8F1000F11D10BF176
:104860000100D1A141F63713F422CDE90010AFF2D7
:104870004C31AFF2383007F0FDFDFF200DB0BDE840
:10488000F08F98F800A0BAF1000F7DD009EB0A0074
:10489000F978B0EBC10F77DC002005AACDE9002044
:1048A000CDE902094FEAE97009EB5070C010A9EB9D
:1048B000C000C2B2381D00EBE90101E0B6E021E220
:1048C00000235046FFF7A0FBAAF10100012101EBF4
:1048D000E00004900120002104AACDE9002102900B
:1048E000B8F80000C0F30722D8F80000010C05ABAF
:1048F0002046FFF7E2F908900898002831D00BF124
:104900000100B2A141F638134FF48972CDE90010CD
:10491000AFF2F031AFF2DC3007F0ACFDD8F80000B8
:10492000000CB4A142F6391340F21512CDE9001083
:10493000AFF21041AFF2FC3007F09CFDB8F8000078
:10494000C0F30720B2A14FF4255340F21712CDE96E
:104950000010AFF23041AFF21C4007F08BFDFF209A
:104960008CE73888B1A143F642134FF48E72CDE93B
:104970000010AFF25041AFF23C4007F07BFDD8F899
:104980000000000C9BA100E020E043F6431340F23E
:104990001F12CDE90010AFF27441AFF2604007F092
:1049A00069FDB8F80000C0F3072099A143F644134D
:1049B00040F22112CDE90010AFF29841AFF28440ED
:1049C00007F058FD09EB0A0000F0FF090BF10100A8
:1049D00000F0FF0B00BF0C98007858453FF72EAF52
:1049E000E068D8B1606850F83600806D00880690A5
:1049F000069890B1E16831F9150007F0BAFA002085
:104A000000906421069800FB01F3294620462269A4
:104A100007F05AFAE16821F8150000BF00202DE7E1
:104A200000BF079886427FF7D2AE6BE1B8780128C5
:104A3000FBD1388886A143F6461340F23712CDE900
:104A40000010AFF22051AFF20C5007F013FD01201F
:104A5000099060690689A06900890790002EE4D05A
:104A60004CE10998012804D0042816D005280CD15F
:104A700026E1606850F8360080690A900A9800685C
:104A80003988884202D10420099036E1681CC5B2F9
:104A9000701C86B2012009902FE1606850F8360042
:104AA000806A0B900B980078FD2802D105200990B0
:104AB00023E10B980078FC2824D105EBC501A06800
:104AC00010F8110000F0010058B105EBC503A26811
:104AD00002EB4302911DD4F8E40107F0B3FB002080
:104AE000CCE6388862A141F6471340F26F12CDE957
:104AF0000010AFF2D051AFF2BC5007F0BBFC052064
:104B00000990FAE00B980078FF2803D00B98007802
:104B1000FE282FD105EBC502A16801EB4201B1F9D6
:104B2000020007F026FA05EBC502A16801EB42017D
:104B3000488005EBC502A16801EB4201B1F9040010
:104B400007F017FA05EBC502A16801EB4201888066
:104B500005EBC501A06810F8110020F0010005EB7D
:104B6000C502A16801F8120029462046FFF7EFFDB3
:104B7000002083E694E0000070726F636565645006
:104B8000444F2C20636F624944203A20000000000B
:104B9000636F62496420666F756E6420617420697A
:104BA0006E64657820000000436F756C646E277436
:104BB00020676574206D617070696E672070617226
:104BC000616D65746572203A200000006572726F35
:104BD0007220616363657373696E6720746F2074FC
:104BE0006865206D617070656420766172203A207E
:104BF000000000002020202020202020204D617077
:104C000070656420617420696E646578203A2000C4
:104C10002020202020202020202020202020202094
:104C2000737562696E646578203A20005661726916
:104C300061626C65207570646174656420627920BE
:104C400050444F20636F626964203A2000000000E6
:104C50005265636569766520612050444F20726516
:104C6000717565737420636F624964203A20000097
:104C70004E6F74207265616479205254525F5359AB
:104C80004E43205450444F2073656E642063757208
:104C900072656E742064617461203A200000000027
:104CA0003888F8A142F6471340F28912CDE9001086
:104CB000AFF29071AFF27C7007F0DCFBFF20DDE516
:104CC00004AA29462046FFF715FA78B1AFF214601E
:104CD00041F6481340F29312AFF2B871CDE90005E6
:104CE000AFF2A87007F0C6FBFF20C7E504A9D4F80F
:104CF000E40107F0A7FA0020C0E500BF079886424C
:104D00007FF7AFAE0020B9E52DE9F04F85B004463E
:104D10000F46002500264FF003096069B0F80880AF
:104D20006069B0F80AA0A069B0F808B08220005D00
:104D300018B9002005B0BDE8F08FB8F1000F7DD0A4
:104D4000002002900390049019E1B9F1030F06D0FE
:104D5000B9F1050F73D0B9F10B0F71D1E5E06068BF
:104D600050F838008069006800F0004088B105F50F
:104D7000C050CDA143F6601340F29122CDE900105E
:104D8000AFF66001AFF64C0007F074FB4FF00B0973
:104D9000F4E0606850F83800866A05F5C050C7A195
:104DA00043F6621340F29922CDE90010AFF68C0170
:104DB000AFF6780007F05EFB002F4AD0307801286C
:104DC00047DB3078F02844DC05EBC501A06810F81B
:104DD0001100401CC0B205EBC502A16801F8120029
:104DE0003178884235D1002005EBC502A16801F871
:104DF00012003078B7A143F6641340F2A522CDE942
:104E00000010AFF6E001AFF6CC0007F033FB002056
:104E100002900390049002AA29462046FFF76AF9FF
:104E2000A0B1AFF2687041F6061340F2AE22AFF6C1
:104E30000C11CDE90005AFF6FC0002E0A3E06CE048
:104E40008DE007F017FB4FF00B0997E04FF00509D5
:104E500062E0002F37D03078FC2834D105EBC50153
:104E6000A06800EB4100821D29462046FFF742F969
:104E7000D0B1AFF2B87041F6661340F2BB22AFF684
:104E80005C11CDE90005AFF64C1007F0F3FA05EB25
:104E9000C501A06810F8110020F0010005EBC50263
:104EA000A16801F812000BE005EBC501A06810F83D
:104EB000110040F0010005EBC502A16801F81200E5
:104EC0004FF00B095AE00FB1307870B1A7B93078C4
:104ED000FF2802D03078FE280ED105EBC501A0686E
:104EE00010F8110000F0010030B929462046FFF704
:104EF00068FA4FF00B090FE030787F4943F26C03FA
:104F00004FF43572CDE90010AFF6E811AFF6D410CA
:104F100007F0B0FA4FF00B0930E002AA294620460C
:104F2000FFF705FA4FF00B0928E0681CC5B208F13D
:104F300001001FFA80F80AF101001FFA80FA6FA041
:104F400043F6701340F2E222AFF62821CDE90005C6
:104F5000AFF6182007F08EFA4FF003090EE06CA0B0
:104F600041F6721340F2E722AFF64821CDE900097D
:104F7000AFF6382007F07EFAFF20DBE600BFD84509
:104F80007FF7E3AE00BF0020D4E610B50446002151
:104F90002046FFF7B9FE10BD70472DE9F0410446E9
:104FA0000E4617468220005DE0B3022F04D0032F87
:104FB00003D0052F37D101E000BF00BF6169098927
:104FC000606800EBC108A6EB0800C0F3C70505EB5D
:104FD000C502A16801EB4201B1F9020006F0C9FF68
:104FE00005EBC502A16801EB4201488005EBC50253
:104FF000A16801EB4201B1F9040006F0BAFF05EB2C
:10500000C502A16801EB42018880002005EBC502C2
:10501000A16801F8120029462046FFF798FB0020FE
:10502000BDE8F08101E000BF00BF0020F8E72DE9F6
:10503000F84304464FF4C05760690589A069B0F889
:105040000880C5B115E06A4639462046D4F8E831F3
:1050500098470646009838B9AFF2C1013068C1627E
:105060003068C1633068C165781C87B2681C85B23E
:1050700000BF4545E7DD00212046FFF745FEBDE8BE
:10508000F883000050444F206973206E6F742074C1
:105090006F2073656E64206F6E2072657175657325
:1050A00074203A20000000004E6F74206120766169
:1050B0006C69642050444F20000000005265616418
:1050C000696E672050444F20617420696E64657872
:1050D000203A2000202050444F206973206F6E201A
:1050E00053594E4348524F2E205472616E732074B0
:1050F000797065203A20000010CA00086E65787447
:105100002070646F20696E646578203A200000008A
:10511000556E6B6E6F776E20737461746520686175
:1051200073206265656E2072656163686564203A0C
:10513000000000002DE9F041044600256069068961
:10514000A069078986B32DE005EBC502A16801EBD4
:105150004201B1F9020006F00CFF05EBC502A1689F
:1051600001EB4201488005EBC502A16801EB420159
:10517000B1F9040006F0FDFE05EBC502A16801EBE4
:1051800042018880002005EBC502A16801F81200E9
:1051900005EBC502A16801EB4201C880681CC5B2DD
:1051A000701C86B2BE42CFDDBDE8F08110B50A4664
:1051B00043691B8903B910BD43691B89134499B224
:1051C000436853F831309B691B6823F000444368FF
:1051D00053F831309B691C6000BFECE710B50A46FC
:1051E00043691B8903B910BD43691B89134499B2F4
:1051F000436853F831309B691B6843F000444368AF
:1052000053F831309B691C6000BFECE72DE9FC4787
:1052100005460C4617469846DDE90A96F5A043F682
:1052200025234FF4EE72F8A1CDE90004FCA007F0AD
:1052300021F9022E05D0032E03D0042E01D0052E15
:105240001DD1FDA043F6062340F2DF12EEA1CDE909
:105250000004F3A007F00EF90020FE4BFE4A2146A1
:105260000090284606F030FEC4EBC40101EB410279
:1052700005F1280101EB8201A1F84C0020E0F7A024
:1052800043F6052340F2E112DFA1CDE90004E4A0DA
:1052900007F0F0F8C4EBC40101EB410205F128016D
:1052A00001EB8201B1F94C0006F063FEC4EBC401CE
:1052B00001EB410205F1280101EB8201A1F84C004C
:1052C000C4EBC40000EB400105F1280000F8217098
:1052D000C4EBC40000EB400105F1280000EB8100A5
:1052E000A0F80880C4EBC40000EB400105F12800E1
:1052F00000EB810080F80A90C4EBC40000EB400191
:1053000005F1280000EB810086700021C4EBC40089
:1053100000EB400205F1280000EB8200C170C4EBF5
:10532000C40000EB400205F1280000EB8200C160E0
:10533000C4EBC40000EB400205F1280000EB820042
:105340000161C4EBC40000EB400205F1280000EB52
:10535000820080F83410C4EBC40000EB400205F179
:10536000280000EB820080F83510C4EBC40000EB8D
:10537000400205F1280000EB820080F83610C4EBF3
:10538000C40000EB400205F1280000EB82008163BD
:10539000C4EBC40000EB400205F1280000EB8200E2
:1053A000C163C4EBC40000EB400205F1280000EB30
:1053B000820080F84010C4EBC40000EB400205F10D
:1053C000280000EB820080F84110C4EBC40000EB21
:1053D000400205F1280000EB820080F84210C4EB87
:1053E000C40000EB400205F1280000EB820080F8C9
:1053F0004B10C4EBC40000EB400205F1280000EBA9
:10540000820001650020BDE8FC877CB505460C469E
:1054100099A043F625234FF4E3727BA1CDE9000464
:105420007FA007F027F8002000900346024621469F
:1054300001902846FFF7EAFE00260BE00021C4EBAE
:10544000C40000EB400205F1280000EB820014309C
:105450008155761C202EF1D30021C4EBC40000EB53
:10546000400205F1280000EB82004170C4EBC4004B
:1054700000EB400205F1280000EB820041607CBD9A
:105480002DE9F04385B0044688461646994600202B
:105490007FA143F6382340F29F22CDE900105AA1A4
:1054A0005FA006F0E7FF94F87C00052814D094F87C
:1054B0007C007F2810D094F87C0077A142F6392335
:1054C00040F2A122CDE900104FA155A006F0D2FF75
:1054D000FF2005B0BDE8F083B8F1010F2CD1606961
:1054E000058825B1A819A169098888420DDD002029
:1054F00076A141F6422340F2A922CDE9001042A153
:1055000047A006F0B7FFFF20E3E7A919606850F84D
:105510003100806A008880B2ADF80800BDF808004C
:1055200072A143F6412340F2AD22CDE9001036A12D
:105530003BA006F09FFF2BE06069458825B1A819C4
:10554000A169498888420DDD00206EA141F6422301
:1055500040F2B322CDE900102BA131A006F08AFF62
:10556000FF20B6E7A919606850F83100806900880B
:1055700080B2ADF80800BDF808006AA143F64123E7
:1055800040F2B722CDE900101FA125A006F072FF5E
:1055900000208DF80A0008208DF80B00002705E098
:1055A00019F8071003A8C155781CC7B2082FF7DBFC
:1055B00002A9D4F8E40106F045FE8AE72DE9FF4789
:1055C00006460F4690461D46DDE90C945BA042F668
:1055D00050234FF435720CA1CDE9000410A006F061
:1055E00049FF80208DF80800E8B28DF80900280AEC
:1055F000AEE00000696E69742053444F206C696E00
:1056000065206E62203A20002E2E5C43414E6F7062
:10561000656E5C7372635C73646F2E6300000000E0
:1056200025732C2564203A203058257820257320B6
:1056300030582578200D0A00537461727453444F1A
:105640005F54494D455220666F72206C696E65202B
:105650003A200000E09304008757000853746F70ED
:1056600053444F5F54494D455220666F72206C6918
:105670006E65203A20000000726573657420534403
:105680004F206C696E65206E62203A200000000099
:1056900073656E6453444F00756E61626C6520746F
:1056A0006F2073656E64207468652053444F202812
:1056B0006E6F7420696E206F70206F72207072653B
:1056C0002D6F70206D6F64650000000053656E647F
:1056D00053444F203A2053444F20736572766572CD
:1056E000206E6F7420666F756E6400004920616DD6
:1056F0002073657276657220547820636F62496406
:10570000203A200053656E6453444F203A2053449E
:105710004F20636C69656E74206E6F7420666F75C0
:105720006E6400004920616D20636C69656E7420B1
:10573000547820636F624964203A200053656E6498
:10574000696E672053444F2061626F7274200000BD
:105750008DF80A008DF80B90E0B28DF80C00200A4D
:105760008DF80D00200C8DF80E00200E8DF80F0026
:1057700002AB424639463046FFF782FE824650462B
:1057800004B0BDE8F0872DE9FC4104460D46606990
:10579000468866B1C5EBC50000EB400104F1280066
:1057A00010F821003044A1694988884201DDBDE834
:1057B000FC81C5EBC50000EB400204F1280010F8A5
:1057C00022003044616851F83000806B0778002077
:1057D000EBA141F601239522CDE90010AFF2D811DB
:1057E000AFF2C41006F046FEEFA042F60223962266
:1057F000AFF2EC11CDE90007AFF2DC1006F03AFE93
:10580000C5EBC50000EB400104F1280000EB81006E
:105810000089EAA142F602239722CDE90010AFF2F7
:105820001821AFF2042006F025FEC5EBC50000EB01
:10583000400104F1280000EB8100807AE4A142F6E7
:1058400002239822CDE90010AFF24421AFF23020BC
:1058500006F010FE4FF0FF31C5EBC50000EB400233
:1058600004F1280000EB8200A0F84C108521C5EB64
:10587000C50000EB400204F1280000EB82008170BB
:10588000D849C5EBC50000EB400204F1280000EB4D
:105890008200807ACDE90001C5EBC50000EB400C29
:1058A00004F1280000EB8C000389C5EBC50000EB78
:1058B000400C04F1280010F82C20C5EBC50000EBCB
:1058C000400C04F1280000EB8C0041782046FFF7E3
:1058D00075FEC449C5EBC50000EB400204F1280089
:1058E00000EB82004160C5EBC50000EB400104F114
:1058F000280000EB8100006D58B1C5EBC50000EB3E
:10590000400104F1280000EB81003946026D204679
:105910009047C5EBC50000EB400104F1280000EB07
:1059200081004068AF49884203D1E9B22046FFF7C1
:105930006CFD00BF3BE770B50546002405E021463D
:105940002846FFF762FD601CC4B2012CF7DB70BD76
:105950002DE9FF4105460C46A3A043F60823D122BA
:10596000AFF25C31CDE90004AFF24C3006F082FDBD
:10597000C4EBC40000EB400105F1280000EB8100FE
:10598000C06888B9C4EBC40000EB400105F12800F1
:1059900000EB81000169C4EBC40000EB400205F19B
:1059A000280000EB8200C160C4EBC40000EB4001A2
:1059B00005F1280000EB8100C0680390012003AAD4
:1059C000CDE900200290C4EBC40000EB400705F1D4
:1059D000280000EB870000F11403C4EBC40000EBC7
:1059E000400705F1280000EB8700827AC4EBC40071
:1059F00000EB400705F1280000EB870001892846ED
:105A0000FEF75BF906461EB1304604B0BDE8F081F2
:105A10007CA043F60823E922AFF21441CDE900044B
:105A2000AFF2044006F026FD0020EEE7F0B587B0A7
:105A300004460D4620200690C5EBC50000EB400152
:105A400004F1280000EB8100008975A143F60523CD
:105A5000FC22CDE90010AFF25041AFF23C4006F01D
:105A600009FDC5EBC50000EB400104F1280000EB87
:105A70008100807A57A143F60623FD22CDE900106C
:105A8000AFF27C41AFF2684006F0F4FC012005AAB9
:105A900006ABCDE9012000930390C5EBC50000EBF8
:105AA000400704F1280000EB870000F11403C5EB68
:105AB000C50000EB400704F1280000EB8700827A64
:105AC000C5EBC50000EB400704F1280000EB8700A0
:105AD00001892046FEF771F8064616B1304607B038
:105AE000F0BDC5EBC50000EB400204F1280000EB5F
:105AF00082000699C1600021C5EBC50000EB4002A1
:105B000004F1280000EB820001610020E7E72DE9A5
:105B1000FC4704460D4616469846C5EBC50000EB0B
:105B2000400104F1280000EB810000693044202886
:105B30000FD941A041F610234FF49B72AFF23851B8
:105B4000CDE90006AFF2285006F094FCFF20BDE836
:105B5000FC87C5EBC50000EB400104F1280000EB19
:105B6000810000698119C5EBC50000EB400204F11A
:105B7000280000EB8200C068814200D97AE088E00A
:105B800053444F2074696D656F75742E2053444FD4
:105B900020726573706F6E7365206E6F742072650E
:105BA0006365697665642E00736572766572206E32
:105BB0006F6465206964203A2000000020202020C6
:105BC0002020202020696E646578203A20000000A3
:105BD000202020202020737562496E646578203A69
:105BE0002000000000000405456E74657220696E97
:105BF0002053444F6C696E65546F4F626A646963E9
:105C00007420000065786974206F662053444F6CDF
:105C1000696E65546F4F626A6469637420000000A6
:105C20006F626A646963742D3E6C696E6520696E8B
:105C3000646578203A20000053444F2053697A6508
:105C4000206F66206461746120746F6F206C6172D4
:105C500067652E204578636565642053444F5F4D2A
:105C600041585F4C454E4754485F5452414E53464D
:105C700045520000F2A041F611234FF49E72AFF29C
:105C80007861CDE90006AFF2686006F0F3FBFF2013
:105C90005DE7C5EBC50000EB400104F1280000EB17
:105CA0008100D0F8109000270FE0C5EBC50000EB95
:105CB000400104F1280000EB8100143009EB0701DA
:105CC000405C08F80700781CC7B2B742EDD3C5EBBB
:105CD000C50000EB400104F1280000EB81000069E1
:105CE0008119C5EBC50000EB400204F1280000EB70
:105CF0008200016100202AE72DE9FC4704460D4699
:105D000016469846C5EBC50000EB400104F128009B
:105D100000EB810000693044202810D9AFF2E80080
:105D200041F615234FF4B472AFF22471CDE90006A9
:105D3000AFF2147006F09EFBFF20BDE8FC87C5EBB8
:105D4000C50000EB400104F1280000EB8100D0F811
:105D5000109000270FE018F80710C5EBC50000EB06
:105D6000400204F1280000EB8200143009EB070226
:105D70008154781CC7B2B742EDD3C5EBC50000EB28
:105D8000400104F1280000EB810000698119C5EB96
:105D9000C50000EB400204F1280000EB8200016125
:105DA0000020CAE770B504460D4600212FE0C1EB84
:105DB000C10000EB400604F1280000EB860080786B
:105DC00018B3C1EBC10000EB400604F1280000EB62
:105DD00086008078852818D0C1EBC10000EB400612
:105DE00004F1280010F82600A8420ED1C1EBC10032
:105DF00000EB400604F1280000EB8600407890425A
:105E000003D103B11970002070BD481CC1B2012933
:105E1000CDDBFF20F8E72DE9FE4F04460F4615467F
:105E20009946DDE90CA802AB2A4639462046FFF721
:105E3000B9FF064676B99DF808008CA143F62023E9
:105E400040F2A912CDE90010AFF64401AFF63000E0
:105E500006F010FBAEB9012D13D19DF808102046B5
:105E6000FFF7D3FA9DF8080087A143F6212340F2FB
:105E7000AD12CDE90010AFF67001AFF65C0006F090
:105E8000F9FA002E43D1022D41D19DF80800AFF65A
:105E9000340143F605234FF4D872CDE90010AFF674
:105EA0009801AFF6840006F0E5FA9DF80810C1EB02
:105EB000C10101EB410204F1280101EB8201B1F9BA
:105EC0004C0006F056F89DF80810C1EBC10101EB3B
:105ED000410204F1280101EB8201A1F84C00852167
:105EE0009DF80800C0EBC00000EB400204F1280060
:105EF00000EB820081709DF80800C0EBC00000EB51
:105F0000400104F1280000EB8100C0F8048000206B
:105F1000AFF2D87143F622234FF4DA72CDE90010C4
:105F2000AFF61C11AFF6081006F0A4FA4B463A463D
:105F300029462046CDE900A8FFF740FB064686B17A
:105F4000002059A143F6232340F2B712CDE90010F7
:105F5000AFF64C11AFF6381006F08CFAFF20BDE812
:105F6000FE8F0020FBE72DE9FC4105460E46174653
:105F7000002418E0C4EBC40000EB400105F1280048
:105F800000EB8100807860B93C70C4EBC40000EB8A
:105F9000400105F1280000EB810046700020BDE8BB
:105FA000FC81601CC4B2012CE4DB47A041F6252330
:105FB00040F21122AFF6B011CDE90004AFF6A01007
:105FC00006F058FAFF20EAE770B504460D460021B6
:105FD00024E0C1EBC10000EB400604F1280000EB17
:105FE00086008078C0B1C1EBC10000EB400604F12F
:105FF000280010F82600A8420ED1C1EBC10000EB2A
:10600000400604F1280000EB86004078904203D15E
:1060100003B11970002070BD481CC1B20129D8DB42
:10602000FF20F8E72DE9FC4705460F464FF0000931
:1060300068694688A869B0F802A006B956E065E02C
:1060400053444F2053697A65206F66206461746100
:1060500020746F6F206C617267652E2045786365D0
:10606000656420636F756E74000000004661696CA2
:10607000656453444F203A206C696E6520666F75E5
:106080006E64203A200000004661696C65645344E8
:106090004F203A206C696E652072656C656173658E
:1060A00064203A2000000000556E61626C65207427
:1060B0006F2073656E64207468652053444F2061BF
:1060C000626F727400000000546F6F206D616E7912
:1060D0002053444F20696E2070726F67726573732E
:1060E0002E2041626F727465642E0000FBA041F6A1
:1060F000C62340F23C72AFF6F021CDE90007AFF6BF
:10610000E02006F0B7F9FF20BDE8FC87002441E05D
:10611000686800EBC6000079032810DC04F5945091
:10612000F8A141F6C82340F24272CDE90010AFF663
:106130002831AFF6143006F09DF9FF20E4E76868D7
:1061400050F83600806B90F8008004F59450F5A16B
:1061500041F6D22340F24772CDE90010AFF6583134
:10616000AFF6443006F086F9F1A041F6D3234FF4A0
:10617000E962AFF66C31CDE90008AFF65C3006F0AD
:1061800079F9B84502D14FF0010905E0701C86B2DB
:10619000601CC4B25645BBDD00BFB9F1000F0ED183
:1061A000E7A041F6C92340F25272AFF6A431CDE91F
:1061B0000007AFF6943006F05DF9FE20A4E704F581
:1061C0009450EDA143F6D02340F25572CDE9001072
:1061D000AFF6CC31AFF6B83006F04CF9204693E775
:1061E0002DE9FE4306460F46904639463046FFF7F6
:1061F00019FF0546FE2D02DB8520BDE8FE8302ABBC
:10620000424629463046FFF7DFFE04467CB10020B7
:10621000E3A142F6302340F25F22CDE90010AFF651
:106220001841AFF6044006F025F9FF20E5E79DF898
:1062300008103046FFF7E9F80020DEE730B50346E6
:10624000C1EBC10000EB400403F1280000EB840027
:10625000C06810B90020106013E0C1EBC10000EB72
:10626000400403F1280000EB8400C468C1EBC100C6
:1062700000EB400503F1280000EB85000069201ABF
:106280001060002030BD7CB506460D461446202C1B
:106290000FD9AFF25C6041F6352340F28622AFF6AB
:1062A0009841CDE90004AFF6884006F0E3F8FF20FE
:1062B0007CBDC5EBC50000EB400106F1280000EBFA
:1062C0008100C4600020F3E703B599B00020169068
:1062D00014900320129000200990B9A143F6602386
:1062E00040F20532CDE90010AFF6E441AFF6D04000
:1062F00006F0C0F8032012901998406900880890B1
:10630000199880690088079000200A900898002852
:106310004AD044E019984168089801EBC000007920
:10632000012812DC0A9800F59050A8A141F66123DB
:1063300040F20E32CDE90010AFF63451AFF62050E6
:1063400006F098F8FF201BB000BD19984168089826
:1063500051F8300080690990099801681A980088FE
:10636000814214D1012012900A9800F590509FA10B
:1063700043F6622340F21532CDE90010AFF67851B2
:10638000AFF6645006F076F80A9813900BE00A987E
:10639000401CC0B20A900898401C80B20890DDE909
:1063A00007108842B6DD00BF129803285ED1199805
:1063B00040694088089019988069408807900020BB
:1063C0000A900898002851D04BE019984168089825
:1063D00001EBC0000079032811DC0A9800F5945005
:1063E00048A141F663234FF44972CDE90010AFF69E
:1063F000E851AFF6D45006F03DF8FF20A3E7199816
:106400004168089851F83000806A0990099801683D
:106410001A98008881421CD1022012900A9800F537
:1064200094507BA143F6642340F22B32CDE9001057
:10643000AFF62C61AFF6186006F01CF80A981390BE
:1064400019984168089851F83000806B00781490D2
:106450000BE00A98401CC0B20A900898401C80B219
:106460000890DDE907108842AFDD00BF12980328CD
:1064700001D1FF2067E71A98C07808281AD00020B9
:106480006CA141F6672340F23D32CDE90010AFF632
:106490008861AFF6746005F0EDFF4FF000600021F9
:1064A0000B46CDE90010DDE912211998FFF7B3FC86
:1064B000FF2048E7129802280ED162A1139843F6F4
:1064C000682340F24332CDE90010AFF6C461AFF665
:1064D000B06005F0CFFFCCE0BEE000004E6F20536F
:1064E000444F20636C69656E7420696E6465782022
:1064F000666F756E6420666F72206E6F64654964A6
:1065000020000000537562696E6465782033202096
:106510006E6F7420666F756E6420617420696E649E
:1065200065782000696E646578203A2000000000DC
:106530006E6F64654964536572766572203A200017
:1065400053444F204E6F2070726573657420636CE6
:1065500069656E7420666F756E6420746F20636F5A
:106560006D6D756E69636174652077697468206EFE
:106570006F6465203A200000202020202020202069
:1065800053444F20636C69656E7420646566696E60
:10659000656420617420696E64657820203A20006B
:1065A0004E6F2053444F20636F6D6D756E6963614C
:1065B00074696F6E20746F20636C6F7365000000E8
:1065C00070726F6365656453444F20005375626950
:1065D0006E646578203120206E6F7420666F756E52
:1065E0006420617420696E646578200070726F6346
:1065F00065656453444F2E204920616D2073657298
:106600007665722E20696E646578203A200000005D
:1066100070726F6365656453444F2E204920616D2D
:1066200020636C69656E7420696E646578203A2019
:10663000000000004572726F722073697A65205302
:10664000444F00004920616D20434C49454E542081
:106650006E756D6265722000F6A1139843F669238A
:1066600040F24632CDE90010F74901F1180005F07B
:1066700001FF16ABDDE912211998FFF793FB189083
:10668000FF201790189828BB129801280CD19DF86C
:106690005800C0EBC00000EB40011998283000EB17
:1066A0008100807804280FD01298022815D19DF817
:1066B0005800C0EBC00000EB40011998283000EBF7
:1066C00081008078052808D11A980079802802D1A5
:1066D0000420179001E0062017901798FF2803D197
:1066E0001A980079401117901798072884F05F8155
:1066F000DFE810F00700DE03D707640B0D0FC40FAF
:10670000B117129801287CD1189880B99DF85800CB
:10671000C0EBC00000EB40011998283000EB81006D
:106720008078022801D0012000E0002018901898FD
:10673000C0B1C649139841F670234FF45A72CDE99F
:106740000010C14901F1180005F094FEC048002175
:106750000B46CDE90010DDE912211998FFF75BFB2C
:10676000FF20F0E59DF85800BAA143F6072340F258
:106770006E32CDE90010B44901F1180005F07AFE3F
:106780009DF85800C0EBC00000EB4001199828307C
:1067900000EB8100B0F94C00401C002851D09DF85E
:1067A0005800A949543143F6052340F26E32CDE931
:1067B0000010543901F1180005F05CFE9DF85800F6
:1067C000C0EBC00000EB40011998283000EB8100BD
:1067D000B0F94C00029005F0CCFB01469DF8580042
:1067E000C0EBC00000EB40021998283000EB82009B
:1067F000A0F84C109DF858009349303143F6062319
:1068000000E0A3E140F26E32CDE90010303901F131
:10681000180005F02FFE0020964B974A00909DF837
:106820005810199805F050FB01469DF85800C0EB30
:10683000C00000EB40021998283000EB8200A0F85D
:106840004C108EA1139843F6712340F26F32CDE9BC
:1068500000107D4901F1180005F00CFE9DF858006C
:10686000C0EBC00000EB40011998283000EB81001C
:1068700000890E909DF85800C0EBC00000EB40016D
:106880001998283000EB8100807A0D909DF858000F
:10689000C0EBC00000EB40011998283000EB8100EC
:1068A000C1781A980079C0F3001081421BD01A9861
:1068B0000079C0F3001080A141F672234FF45D729D
:1068C000CDE90010604901F1180005F0D3FD8149C0
:1068D0000D98CDE900010E9BDDE912211998FFF713
:1068E0009AFAFF202FE51A980079C0F34200C0F110
:1068F000070015901A98431D9DF85810159A19987D
:10690000FFF7FAF91890189860B14FF000610D98F0
:10691000CDE900010E9BDDE912211998FFF77BFA02
:10692000FF2010E59DF85800C0EBC00000EB4001CF
:106930001998283000EB8100C078202141EA00102E
:10694000C0B28DF83C0001200B9006E000210FAA98
:106950000B9811540B98401C0B900B980828F5D3FA
:106960005D49139843F673234FF46172CDE900102B
:10697000354901F1180005F07DFD0FABDDE912127C
:106980001998FEF77DFD9DF85800C0EBC00000EBA4
:1069900040011998283000EB8100C07808B9012027
:1069A00000E0002000F001019DF85800C0EBC0009D
:1069B00000EB40021998283000EB8200C1701A9851
:1069C000007900F00100002832D09DF85810199885
:1069D000FEF7BEFF11901198C0B100203FA141F613
:1069E000542340F28E32CDE90010174901F118000E
:1069F00005F040FD11990D98CDE900010E9BDDE9F0
:106A000012211998FFF707FAFF209CE49DF858100F
:106A10001998FEF7FAFC41A1139843F674234FF43A
:106A20006572CDE90010084901F1180005F022FD5A
:106A30003CE200004920616D2053455256455220EA
:106A40006E756D626572200008560008ECCA000879
:106A5000210000087265737461727453444F5F546F
:106A6000494D455220666F72206C696E65203A2050
:106A700000000000E093040087570008526563653A
:106A8000697665642053444F20646F776E6C6F6144
:106A900064207365676D656E7420646566696E65F4
:106AA0006420617420696E646578203078313230FA
:106AB00030202B200000000053444F206572726F7D
:106AC00072203A20546F67676C65206572726F722E
:106AD000203A20000000030560CE000853444F20F8
:106AE0006572726F72203A20556E61626C65207417
:106AF0006F20636F70792074686520646174612011
:106B0000696E20746865206F626A656374206469C9
:106B10006374696F6E6172790000000053444F2EF8
:106B200020456E64206F6620646F776E6C6F6164C1
:106B300020646566696E656420617420696E6465B1
:106B40007820307831323030202B2000189880B9EE
:106B50009DF85800C0EBC00000EB400119982830A8
:106B600000EB81008078032801D0012000E00020A4
:106B700018901898C0B1FB49149841F6752340F25B
:106B80009D32CDE90010F84901F1180005F072FCC2
:106B9000F64800210B46CDE90010DDE912211998D5
:106BA000FFF739F9FF2029E49DF85800AFF25C1196
:106BB00043F6072340F2A232CDE90010EA4901F181
:106BC000180005F057FC9DF85800C0EBC00000EB22
:106BD00040011998283000EB8100B0F94C00401CAE
:106BE00000284FD09DF85800DF49543143F6052363
:106BF00040F2A232CDE90010543901F1180005F03D
:106C000039FC9DF85800C0EBC00000EB400119981A
:106C1000283000EB8100B0F94C00029005F0A9F992
:106C200001469DF85800C0EBC00000EB40021998E7
:106C3000283000EB8200A0F84C109DF85800CA499B
:106C4000303143F6062340F2A232CDE9001030394C
:106C500001F1180005F00EFC0020C54BC54A00905C
:106C60009DF85810199805F02FF901469DF8580025
:106C7000C0EBC00000EB40021998283000EB820006
:106C8000A0F84C109DF85800C0EBC00000EB40018C
:106C90001998283000EB810000890E909DF858006B
:106CA000C0EBC00000EB40011998283000EB8100D8
:106CB000807A0D909DF85800C0EBC00000EB4001B9
:106CC0001998283000EB8100C1781A980079C0F338
:106CD0000010814218D0A8A1149841F6762340F202
:106CE000A732CDE90010A04901F1180005F0C2FB60
:106CF000B1490D98CDE900010E9BDDE912211998EB
:106D0000FFF789F8FF202CE51A980079C0F34200BC
:106D1000C0F1070015901A98431D9DF85810159A58
:106D20001998FEF7E9FF1890189860B14FF00061CC
:106D30000D98CDE900010E9BDDE912211998FFF7AE
:106D40006AF8FF200DE59DF85800C0EBC00000EB8D
:106D500040011998283000EB8100C07808B9012063
:106D600000E0002000F001019DF85800C0EBC000D9
:106D700000EB40021998283000EB8200C1701A988D
:106D8000007900F0010000285FD09DF85810764887
:106D9000543043F6052340F2B932CDE9000172497F
:106DA0003C3805F067FB9DF85800C0EBC00000EBD5
:106DB00040011998283000EB8100B0F94C00029096
:106DC00005F0D7F801469DF85800C0EBC00000EB75
:106DD00040021998283000EB8200A0F84C100121E5
:106DE0009DF85800C0EBC00000EB40021998283015
:106DF00000EB820081709DF85800C0EBC00000EBF2
:106E000040011998283000EB8100006D78B19DF8A1
:106E10005800C0EBC00000EB40011998283000EB8F
:106E20008100006D0290029A14991998904763A10D
:106E3000149843F6772340F2BD32CDE900104A4959
:106E400001F1180005F016FB30E09DF85800C0EB8A
:106E5000C00000EB40011998283000EB8100C07899
:106E6000602141EA0010C0B28DF83C0001200B9077
:106E700006E000220FA90B980A540B98401C0B90B7
:106E80000B980828F5D30FABDDE912121998FEF71D
:106E9000F7FA52A1149843F6782340F2C532CDE9AF
:106EA0000010314901F1180005F0E4FA03F0BBBD10
:106EB0001298012854D11A984179807941EA00202A
:106EC0000E901A98C0790D904F49139843F6792384
:106ED0004FF47472CDE90010234901F1180005F058
:106EE000C9FA4AA10E984FF46A5340F2D232CDE962
:106EF00000101D4901F1180005F0BCFA48A10D98D9
:106F00004FF46A5340F2D332CDE90010164901F133
:106F1000180005F0AFFA1898C0B9002046A141F654
:106F2000812340F2D732CDE900100F4901F118005A
:106F300005F0A0FA0D490D98CDE900010E9BDDE9A1
:106F400012211998FEF767FFFF200AE416AA12998A
:106F50001998FFF708F81890189810B100207FE0F2
:106F600053E195E014D000080856000821000008FD
:106F7000E09304008757000853444F206572726FF6
:106F800072203A205265636569766564207365678F
:106F90006D656E7420726573706F6E736520546FCB
:106FA00067676C65206572726F722E2066726F6DF6
:106FB000206E6F64654964000000030553444F2E42
:106FC00020456E64206F662075706C6F616420666A
:106FD000726F6D206E6F6465203A200053444F201D
:106FE00073656E642075706C6F6164207365676D86
:106FF000656E74207265717565737420746F206E90
:107000006F64654964000000A8CC00085772697479
:10701000696E6720617420696E646578203A20008B
:1070200057726974696E6720617420737562496E66
:10703000646578203A20000053444F206572726FD7
:1070400072203A205472616E736D697373696F6E4A
:107050002079657420737461727465642E00000079
:10706000DFA141F6822340F2DF32CDE90010EC4986
:1070700001F1180005F0FEF9EA490D98CDE900018B
:107080000E9BDDE912211998FEF7C5FEFF2029E4C9
:1070900002210D98CDE900019DF858100E9B139A1E
:1070A0001998FEF7B3F81A980079C0F34000002849
:1070B00060D01A980079C0F38100C0F104001590E7
:1070C0009DF85800C0EBC00000EB40021998283032
:1070D00000EB82001599C1601A9800F108039DF831
:1070E0005810159A1998FEF707FE1890189860B175
:1070F0004FF000610D98CDE900010E9BDDE91221F2
:107100001998FEF788FEFF200BE40020C6A143F685
:10711000832340F2F332CDE90010C14901F1180098
:1071200005F0A8F99DF858101998FEF711FC119078
:107130001198C8B10020AFF25C6141F6842340F29F
:10714000F732CDE90010B64901F1180005F092F9C7
:1071500011990D98CDE900010E9BDDE912211998D6
:10716000FEF759FEFF2050E49DF858101998FEF7DD
:107170004CF928E01A98007900F0010018B31A9829
:10718000017A407A01EB00211A98807A01EB0041E4
:107190001A98C07A01EB006015909DF85810159A66
:1071A0001998FFF770F81890189860B14FF00061C7
:1071B0000D98CDE900010E9BDDE912211998FEF72B
:1071C0002AFEFF2021E460208DF83C000E98C0B21A
:1071D0008DF83D000E98000A8DF83E000D988DF850
:1071E0003F0004200B9006E000210FAA0B981154D9
:1071F0000B98401C0B900B980828F5D30FABDDE9DA
:1072000012121998FEF73CF94AE2189880B99DF8D5
:107210005800C0EBC00000EB40011998283000EB8B
:1072200081008078022801D0012000E00020189021
:107230001898C0B18B49149841F6852340F2174243
:10724000CDE90010764901F1180005F013F97548F1
:1072500000210B46CDE90010DDE912211998FEF757
:10726000DAFDFF209FE49DF85800AFF6180143F6C1
:10727000072340F21C42CDE90010694901F11800D2
:1072800005F0F8F89DF85800C0EBC00000EB400195
:107290001998283000EB8100B0F94C00401CE0B395
:1072A0009DF858005E49543143F6052340F21C42D4
:1072B000CDE90010543901F1180005F0DBF89DF814
:1072C0005800C0EBC00000EB40011998283000EBDB
:1072D0008100B0F94C00029004F04BFE01469DF88D
:1072E0005800C0EBC00000EB40021998283000EBBA
:1072F0008200A0F84C109DF858004949303143F6FF
:10730000062340F21C42CDE90010303901F118008B
:1073100005F0B0F80020544B00E013E0534A009011
:107320009DF85810199804F0CFFD01469DF85800BB
:10733000C0EBC00000EB40021998283000EB82003F
:10734000A0F84C109DF85800C0EBC00000EB4001C5
:107350001998283000EB810000890E909DF85800A4
:10736000C0EBC00000EB40011998283000EB810011
:10737000807A0D909DF85800C0EBC00000EB4001F2
:107380001998283000EB8100C1781A980079C0F371
:107390000010814219D0AFF22041149841F68623A3
:1073A00040F22142CDE900101D4901F1180005F01D
:1073B00061F82F490D98CDE900010E9BDDE91221FE
:1073C0001998FEF728FDFF209DE415AA9DF8581096
:1073D0001998FEF733FF159800287CD14AE0000089
:1073E00053444F206572726F72203A204E6F206CAA
:1073F000696E6520667265652C20746F6F206D6103
:107400006E792053444F20696E2070726F677265E9
:1074100073732E2041626F727465642E0000000049
:10742000085600082100000853444F20496E697433
:107430006961746520446F776E6C6F616420697355
:1074400020616E206578706564697465642074726B
:10745000616E736665722E2046696E697368656435
:107460002E20000014D00008E09304008757000885
:1074700000000305F2A1149843F6872340F2294245
:10748000CDE90010FE4901F1180004F0F3FF9DF86A
:107490005800FB49543143F6052340F22A42CDE916
:1074A0000010543901F1180004F0E4FF9DF8580071
:1074B000C0EBC00000EB40011998283000EB8100C0
:1074C000B0F94C00029004F054FD01469DF85800BC
:1074D000C0EBC00000E031E000EB4002199828301A
:1074E00000EB8200A0F84C1001219DF85800C0EB81
:1074F000C00000EB40021998283000EB8200817038
:107500009DF85800C0EBC00000EB400119982830EE
:1075100000EB8100006D78B19DF85800C0EBC00011
:1075200000EB40011998283000EB8100006D0290BB
:10753000029A149919989047002006E51598072893
:1075400042D99DF85800C0EBC00000EB40011998EB
:10755000283000EB8100C07808B9012000E000204D
:1075600000F001019DF85800C0EBC00000EB4002A4
:107570001998283000EB8200C1709DF85800C0EBCC
:10758000C00000EB40011998283000EB8100C07862
:107590000007000E8DF83C000DF13D0307229DF819
:1075A00058101998FEF7B3FA18901898F0B34FF0E6
:1075B00000610D98CDE900010E9BDDE912211998BB
:1075C000FEF729FCFF20C0E49DF85800C0EBC00086
:1075D00000EB40011998283000EB8100C07808B911
:1075E000012000E0002000F001019DF85800C0EBF0
:1075F000C00000EB40021998283000EB8200C170F7
:107600009DF85800C0EBC00000EB400119982830ED
:1076100000EB8100C07801011598C0F1070041EA34
:107620004000401CC0B28DF83C0000E025E00DF1A8
:107630003D039DF85810159A1998FEF768FA1890AE
:10764000189860B14FF000610D98CDE900010E9BD4
:10765000DDE912211998FEF7DEFBFF2075E415988D
:10766000401C0B9006E000210FAA0B9811540B98B8
:10767000401C0B900B980828F5D382A1149843F670
:1076800088234FF48962CDE900107D4901F118008B
:1076900004F0F0FE0FABDDE912121998FDF7F0FED1
:1076A00004E4129801287AD11A984179807941EA44
:1076B00000200E901A98C0790D907C49139843F6DB
:1076C000892340F25342CDE900106D4901F11800C1
:1076D00004F0D0FE76A10E9843F6902340F2554276
:1076E000CDE90010664901F1180004F0C3FE75A150
:1076F0000D9843F6912340F25642CDE900106049BF
:1077000001F1180004F0B6FE189830BB9DF858003F
:1077100072A141F6922340F25942CDE90010584936
:1077200001F1180004F0A6FE78A1139843F6932304
:1077300040F25A42CDE90010514901F1180004F01D
:1077400099FE76490D98CDE900010E9BDDE91221E5
:107750001998FEF760FBFF2099E416AA1299199870
:10776000FEF701FC18901898D0B10020AFF29031CC
:1077700041F6712340F26242CDE90010404901F127
:10778000180004F077FE65490D98CDE900010E9BC5
:10779000DDE912211998FEF73EFBFF2077E42EE188
:1077A00003220D98CDE900029DF858100E9B139A04
:1077B0001998FDF72BFD9DF858101998FEF736F92A
:1077C00011901198C0B15649119841F6942340F296
:1077D0006B42CDE900102A4901F1180004F04AFE7D
:1077E00011990D98CDE900010E9BDDE91221199840
:1077F000FEF711FBFF204AE415AA9DF858101998CE
:10780000FEF71CFD1598042818D941208DF83C007E
:107810000E98C0B28DF83D000E98000A8DF83E001B
:107820000D988DF83F001598C0B28DF8400015985E
:10783000000A8DF841001598000C73E08CE0000000
:1078400053444F20456E6420646F776E6C6F6164A3
:107850002E207365676D656E7420726573706F6E30
:1078600073652072656365697665642E204F4B2EC3
:107870002066726F6D206E6F6465496400000000C1
:107880000856000853444F2073656E64696E672084
:10789000646F776E6C6F6164207365676D656E747D
:1078A00020746F206E6F64654964000060CC00082E
:1078B00052656164696E6720617420696E646578E1
:1078C000203A200052656164696E672061742073FC
:1078D0007562496E646578203A20000053444F2059
:1078E0006572726F72203A205472616E736D6973A3
:1078F00073696F6E20796574207374617274656446
:10790000206174206C696E65203A200053657276A0
:107910006572204E6272203D2000000021000008A8
:10792000E8CE00088DF842001598000E8DF843004F
:10793000FE49149843F6952340F27D42CDE90010AC
:10794000FB4901F1180004F095FD0FABDDE91212BF
:107950001998FDF795FDE8E11598C0F10400402164
:1079600041EA8000C01CC0B28DF83C000E98C0B245
:107970008DF83D000E98000A8DF83E000D988DF8A8
:107980003F0010AB9DF85810159A1998FEF7BFF8F4
:107990001890189860B14FF000610D98CDE9000182
:1079A0000E9BDDE912211998FEF735FAFF2009E454
:1079B0001598001D0B9006E000210FAA0B9811549A
:1079C0000B98401C0B900B980828F5D3D9491398B5
:1079D00043F6962340F28D42CDE90010D44901F1DF
:1079E000180004F047FD0FABDDE912121998FDF7FE
:1079F00047FD9DF858101998FDF707FD95E1189877
:107A000080B99DF85800C0EBC00000EB4001199808
:107A1000283000EB81008078032801D0012000E0AD
:107A2000002018901898C0B1C349149841F69723C4
:107A300040F29B42CDE90010BD4901F1180004F06D
:107A400019FDBE4900200346CDE90001DDE9122100
:107A50001998FEF7E0F9FF2004E49DF85800B849B2
:107A600043F607234FF49462CDE90010B04901F1C9
:107A7000180004F0FFFC9DF85800C0EBC00000EBBC
:107A800040011998283000EB8100B0F94C00401CEF
:107A9000F0B39DF85800A649543143F605234FF43E
:107AA0009462CDE90010543901F1180004F0E2FCB1
:107AB0009DF85800C0EBC00000EB40011998283039
:107AC00000EB8100B0F94C00029004F052FA01463C
:107AD0009DF85800C0EBC00000EB40021998283018
:107AE00000EB8200A0F84C109DF85800904930310E
:107AF00043F606234FF49462CDE90010303901F1CA
:107B0000180004F0B7FC00208E4B8F4A009000E074
:107B100011E09DF85810199804F0D6F901469DF827
:107B20005800C0EBC00000EB40021998283000EB71
:107B30008200A0F84C109DF85800C0EBC00000EB8C
:107B400040011998283000EB810000890E909DF8C3
:107B50005800C0EBC00000EB40011998283000EB42
:107B60008100807A0D901A980079C0F340000028B7
:107B70007ED01A980079C0F38100C0F104001590FE
:107B80001A9800F108039DF85810159A1998FEF7F5
:107B9000B3F81890189860B14FF000610D98CDE9D6
:107BA00000010E9BDDE912211998FEF734F9FF2040
:107BB0000AE466A1149843F6982340F2AE42CDE958
:107BC00000105B4901F1180004F054FC9DF85800C6
:107BD0005749543143F6052340F2AF42CDE9001036
:107BE000543901F1180004F045FC9DF85800C0EB31
:107BF000C00000EB40011998283000EB8100B0F97B
:107C00004C00029004F0B5F901469DF85800C0EB15
:107C1000C00000EB40021998283000EB8200A0F869
:107C20004C109DF85800C0EBC00000EB40021998C2
:107C3000283000EB82001599C16001219DF85800A1
:107C4000C0EBC00000EB40021998283000EB820026
:107C500081709DF85800C0EBC00000EB40011998FE
:107C6000283000EB8100006D88B19DF8580000E0DD
:107C70000FE0C0EBC00000EB40011998283000EB8A
:107C80008100006D0290029A149919989047002083
:107C900053E41A98007900F0010018B31A98017A99
:107CA000407A01EB00211A98807A01EB00411A9882
:107CB000C07A01EB006015909DF85810159A19983C
:107CC000FEF7E1FA1890189860B14FF000610D9836
:107CD000CDE900010E9BDDE912211998FEF79BF812
:107CE000FF202AE460208DF83C0001200B9006E084
:107CF00000210FAA0B9811540B98401C0B900B9865
:107D00000828F5D321A1149843F6992340F2C342E1
:107D1000CDE90010064901F1180004F0ABFB0FABF0
:107D2000DDE912121998FDF7ABFBB9E4D4CD0008D8
:107D30000856000838CD0008E8D0000821000008E7
:107D4000546A0008E09304008757000853444F200A
:107D50006578706564697465642075706C6F6164C2
:107D60002066696E69736865642E20526573706F52
:107D70006E73652072656365697665642066726FEF
:107D80006D206E6F6465203A2000000053444F2E32
:107D90002053656E64696E672075706C6F61642036
:107DA0007365676D656E7420726571756573742097
:107DB000746F206E6F6465203A20000012980128CD
:107DC0007DD1189880B99DF85800C0EBC00000EB39
:107DD00040011998283000EB81008078032801D0F9
:107DE000012000E0002018901898C0B1FD491398B8
:107DF0004FF4D55340F2D142CDE90010FA4901F1D8
:107E0000180004F037FBF94900200346CDE90001D2
:107E1000DDE912211998FDF7FEFFFF201EE49DF811
:107E20005800F34943F6072340F2D742CDE900104A
:107E3000ED4901F1180004F01DFB9DF85800C0EB5E
:107E4000C00000EB40011998283000EB8100B0F928
:107E50004C00401CA0B39DF85800E349543143F650
:107E6000052340F2D742CDE90010543901F1180042
:107E700004F000FB9DF85800C0EBC00000EB40018F
:107E80001998283000EB8100B0F94C00029004F002
:107E900070F801469DF85800C0EBC00000EB4002AE
:107EA0001998283000EB8200A0F84C109DF858007B
:107EB000CD49303143F6062340F2D74201E024E1B8
:107EC0001CE0CDE90010303901F1180004F0D2FABD
:107ED0000020C84BC84A00909DF85810199803F02C
:107EE000F3FF01469DF85800C0EBC00000EB4002D4
:107EF0001998283000EB8200A0F84C10BFA113980D
:107F000043F6A1234FF49B62CDE90010B64901F17D
:107F1000180004F0AFFA9DF85800C0EBC00000EB69
:107F200040011998283000EB810000890E909DF8DF
:107F30005800C0EBC00000EB40011998283000EB5E
:107F40008100807A0D909DF85800C0EBC00000EBD6
:107F500040011998283000EB8100C1781A98007907
:107F6000C0F3001081421CD01A980079C0F30010B1
:107F70009F49643141F6A22340F2DD42CDE9001071
:107F8000994901F1180004F075FAAA490D98CDE954
:107F900000010E9BDDE912211998FDF73CFFFF203F
:107FA00029E415AA9DF858101998FEF747F9159875
:107FB000072856D99DF85800C0EBC00000EB4001DF
:107FC0001998283000EB8100C0780007000E8DF86A
:107FD0003C000DF13D0307229DF858101998FDF75C
:107FE00096FD1890189860B14FF000610D98CDE99A
:107FF00000010E9BDDE912211998FDF70CFFFF200F
:10800000D5E49DF85800C0EBC00000EB4001199882
:10801000283000EB8100C07808B9012000E0002082
:1080200000F001019DF85800C0EBC00000EB4002D9
:108030001998283000EB8200C1707FA1139843F695
:10804000A32340F2EE42CDE90010674901F1180088
:1080500004F010FA0FABDDE912121998FDF710FACF
:1080600054E29DF85800C0EBC00000EB40011998A5
:10807000283000EB8100C07801011598C0F107009D
:1080800041EA4000401CC0B28DF83C000DF13D03B8
:108090009DF85810159A1998FDF739FD1890189801
:1080A00060B14FF000610D98CDE900010E9BDDE954
:1080B00012211998FDF7AFFEFF2078E41598401CB7
:1080C0000B9006E000220FA90B980A540B98401C55
:1080D0000B900B980828F5D365A1139843F6A423B9
:1080E00040F2FC42CDE900103F4901F1180004F0D4
:1080F000C1F90FABDDE912121998FDF7C1F99DF82E
:1081000058101998FDF781F900E2189880B99DF888
:108110005800C0EBC00000EB40011998283000EB7C
:1081200081008078022801D0012000E00020189012
:108130001898C0B15D49149841F6A52340F2095240
:10814000CDE90010284901F1180004F093F92748FF
:1081500000210B46CDE90010DDE912211998FDF749
:108160005AFEFF2023E49DF85800214943F60723D7
:1081700040F20E52CDE900101B4901F1180004F045
:1081800079F99DF85800C0EBC00000EB4001199848
:10819000283000EB8100B0F94C00401C08B39DF87A
:1081A00058001149543143F6052340F20E52CDE9EF
:1081B0000010543901F1180004F05CF99DF85800E2
:1081C000C0EBC00000EB40011998283000EB8100A3
:1081D000B0F94C00029003F0CCFE01469DF8580027
:1081E00066E093E038CB000808560008210000083C
:1081F000546A0008E09304008757000852656365DD
:10820000697665642053444F2075706C6F616420FB
:108210007365676D656E7420646566696E6564205C
:10822000617420696E646578203078313230302096
:108230002B2000000000030553444F2E2053656E91
:1082400064696E672075706C6F6164207365676D1B
:10825000656E7420646566696E656420617420696A
:108260006E64657820307831323030202B20000069
:1082700053444F2E2053656E64696E67206C6173A2
:10828000742075706C6F6164207365676D656E74C2
:1082900020646566696E656420617420696E64653A
:1082A0007820307831323030202B2000A0D00008E8
:1082B000C0EBC00000EB40021998283000EB8200B0
:1082C000A0F84C109DF85800F74943F6062340F2F9
:1082D0000E52CDE90010303901F1180004F0CAF84F
:1082E0000020F24BF24A00909DF85810199803F0C4
:1082F000EBFD01469DF85800C0EBC00000EB4002CA
:108300001998283000EB8200A0F84C109DF8580016
:10831000C0EBC00000EB40011998283000EB810051
:1083200000890E909DF85800C0EBC00000EB4001A2
:108330001998283000EB8100807A0D9015AA9DF8DD
:1083400058101998FDF77AFF1598E0BBD9A1149839
:1083500043F6A62340F21452CDE90010D249303939
:1083600001F1180004F086F89DF85800CE49243138
:1083700043F6052340F21552CDE90010543901F1BE
:10838000180004F077F89DF85800C0EBC00000EB2F
:1083900040011998283000EB8100B0F94C000290A0
:1083A00003F0E7FD01469DF85800C0EBC00000EB6C
:1083B00040021998283000EB8200A0F84C100121EF
:1083C0009DF8580000E026E0C0EBC00000EB400242
:1083D0001998283000EB820081709DF85800C0EB9E
:1083E000C00000EB40011998283000EB8100006DBF
:1083F00078B19DF85800C0EBC00000EB400119981F
:10840000283000EB8100006D0290029A14991998AF
:10841000904700203CE41598072826D99DF858007D
:10842000C0EBC00000EB40011998283000EB810040
:10843000C0780007000E8DF83C000DF13D030722C7
:108440009DF858101998FDF762FB18901898C8B35A
:108450004FF000610D98CDE900010E9BDDE912217E
:108460001998FDF7D8FCFF2012E49DF85800C0EBE6
:10847000C00000EB40011998283000EB8100C07863
:1084800000011599C1F1070140EA4100401CC0B24A
:108490008DF83C000DF13D039DF85810159A199880
:1084A000FDF735FB1890189868B14FF000610D98F2
:1084B000CDE900010E9BDDE912211998FDF7ABFC17
:1084C000FF200EE40DE01598401C0B9006E0002103
:1084D0000FAA0B9811540B98401C0B900B9808286E
:1084E000F5D3AFF66041149843F6A7234FF4A66284
:1084F000CDE900106C49303901F1180003F0BAFFE2
:108500000FABDDE912121998FCF7BAFF0DE41A98C7
:10851000017A407A41EA00211A98807A41EA0041C2
:108520001A98C07A41EA00600C901298012824D170
:10853000189898B99DF858101998FCF766FF6CA127
:108540000C9843F6A8234FF4A862CDE900105649D1
:10855000303901F1180003F08DFF8EE070A10C9806
:1085600043F6A92340F24352CDE900104E49303979
:1085700001F1180003F07EFF7FE01898F0BB9DF832
:1085800058104948243043F6052340F24B52CDE9B8
:108590000001A0F154013C3803F06CFF9DF8580035
:1085A000C0EBC00000EB40011998283000EB8100BF
:1085B000B0F94C00029003F0DCFC01469DF8580035
:1085C000C0EBC00000EB40021998283000EB82009D
:1085D000A0F84C1080219DF85800C0EBC00000EBC3
:1085E00040021998283000EB820081709DF85800F5
:1085F000C0EBC00000EB4002199800E02FE02830EB
:1086000000EB82000C99416051A10C9843F6B02315
:1086100040F24E52CDE900102349303901F11800E3
:1086200003F028FF9DF85800C0EBC00000EB4001AC
:108630001998283000EB8100006DF0B19DF85800CA
:10864000C0EBC00000EB40011998283000EB81001E
:10865000006D0290029A1499199890470DE030A18C
:108660000C9843F6B12340F25252CDE900100E4966
:10867000303901F1180003F0FDFE47E71A98007940
:1086800000F003000690129801280CD106980028EB
:108690007AD11A984179807941EA00200E901A988F
:1086A000C0790D9071E0FBE338560008E0930400B8
:1086B0008757000853444F20456E6420646F776EDF
:1086C0006C6F6164206578706564697465642E20E0
:1086D000526573706F6E7365207265636569766548
:1086E000642E2066726F6D206E6F646549640000B1
:1086F0005344302E20526563656976656420534487
:108700004F2061626F72742E204C696E6520726515
:108710006C65617365642E20436F6465203A2000A8
:108720005344302E20526563656976656420534456
:108730004F2061626F72742E204E6F206C696E65DF
:1087400020666F756E642E20436F6465203A2000AA
:108750005344302E20526563656976656420534426
:108760004F2061626F72742E204C696E65207374A5
:108770006174652041424F525445442E20436F643A
:1087800065203A20000000001FE1F2A1139843F693
:10879000B22340F25C52CDE90010FE4901F118000D
:1087A00003F068FEAFF6F8610E9843F6B32340F28B
:1087B0005E52CDE90010F74901F1180003F05AFEAE
:1087C000AFF600710D9843F6B42340F25F52CDE945
:1087D0000010F04901F1180003F04CFE189840BB5E
:1087E0009DF85800AFF60C7141F6932340F26252A7
:1087F000CDE90010E74901F1180003F03BFEAFF6A8
:10880000F461139843F6B52340F26352CDE90010AA
:10881000E04901F1180003F02DFEDF490D98CDE984
:1088200000010E9BDDE912211998FDF7F4FAFF20F3
:1088300043E41A98007A7F2818DD0020D7A141F67A
:10884000962340F26952CDE90010D24901F1180097
:1088500003F010FED9490D98CDE900010E9BDDE92A
:1088600012211998FDF7D7FAFF2026E416AA1299CB
:108870001998FDF778FB18901898C0B10020D049DE
:1088800041F6732340F27152CDE90010C14901F164
:10889000180003F0EFFDC0490D98CDE900010E9BD3
:1088A000DDE912211998FDF7B6FAFF2005E405224B
:1088B0000D98CDE900029DF858100E9B139A199857
:1088C000FCF7A4FC1A980079C0F380019DF85800C9
:1088D000C0EBC00000EB40021998283000EB82008A
:1088E00080F834101A98027A9DF85800C0EBC00046
:1088F00000EB40011998283000EB810080F835200A
:108900009DF858101998FDF791F811901198C0B181
:10891000AC49119841F6952340F27B52CDE9001005
:108920009C4901F1180003F0A5FD11990D98CDE9BE
:1089300000010E9BDDE912211998FDF76CFAFF206A
:1089400010E415AA9DF858101998FDF777FC9DF8CA
:108950005800C0EBC00000EB40021998283000EB33
:10896000820015998163C2208DF83C000E98C0B238
:108970008DF83D000E98000A8DF83E000D988DF898
:108980003F001598C0B28DF840001598000A8DF888
:1089900041001598000C8DF842001598000E8DF8D6
:1089A00043008949149843F69A2340F28B52CDE94B
:1089B0000010784901F1180003F05CFD0FABDDE910
:1089C00012121998FCF75CFDCFE20698012840D1FD
:1089D0007E49139843F6A22340F28F52CDE900104E
:1089E0006C4901F1180003F045FD189880B99DF815
:1089F0005800C0EBC00000EB40011998283000EB94
:108A000081008078052801D0012000E00020189026
:108A10001898C0B16E49139841F6A12340F29452C0
:108A2000CDE900105B4901F1180003F023FD5A481D
:108A300000210B46CDE90010DDE912211998FDF760
:108A4000EAF9FF20E6E49DF858101998FCF7DDFCE0
:108A5000BAE70698022802D006980328B4D11898DD
:108A600080B99DF85800C0EBC00000EB4001199898
:108A7000283000EB81008078052801D0012000E03B
:108A8000002018901898C0B15249139841F6A123BC
:108A900040F2A152CDE900103E4901F1180003F067
:108AA000E9FC3D4800210B46CDE90010DDE912212B
:108AB0001998FDF7B0F9FF20ACE49DF8580046493D
:108AC00043F6072340F2A752CDE90010314901F1E6
:108AD000180003F0CFFC9DF85800C0EBC00000EB7D
:108AE00040011998283000EB8100B0F94C00401C7F
:108AF00070B39DF858002749543143F6052340F2DE
:108B0000A752CDE90010543901F1180003F0B2FC6E
:108B10009DF85800C0EBC00000EB400119982830C8
:108B200000EB8100B0F94C00029003F022FA0146FC
:108B30009DF85800C0EBC00000EB400219982830A7
:108B400000EB8200A0F84C109DF85800114945E058
:108B500066E0000052656365697665642053444FA2
:108B600020496E69746961746520626C6F636B2063
:108B700075706C6F616420646566696E6564206100
:108B80007420696E64657820307831323030202B63
:108B900020000000085600082100000853444F2020
:108BA0006572726F72203A20696E76616C6964201A
:108BB000626C6F636B2073697A65000002000405C4
:108BC000E0730008E8CE000884CD0008A4CE0008B9
:108BD00084CB00089CCA0008546A0008303143F670
:108BE000062340F2A752CDE90010303901F11800F8
:108BF00003F040FC0020F74BF74A00909DF8581016
:108C0000199803F061F901469DF85800C0EBC000C7
:108C100000EB40021998283000EB8200A0F84C10BD
:108C20009DF85800C0EBC00000EB400119982830B7
:108C300000EB810000890E909DF85800C0EBC00049
:108C400000EB40011998283000EB8100807A0D90EC
:108C50000698022866D1E1A1139843F6A22340F2B8
:108C6000AC52CDE90010ED4901F1180003F002FC0F
:108C70001A9881799DF85800C0EBC00000EB4002C3
:108C80001998283000EB820080F835101A98407946
:108C900000F07F00049015AA9DF858101998FDF770
:108CA000CDFA1598E8BB9DF85800C0EBC00000EB6A
:108CB00040011998283000EB810090F8401004988A
:108CC000814236D19DF85800C0EBC00000EB400156
:108CD0001998283000EB810090F84100C02141EA4A
:108CE0008000401CC0B28DF83C0001200B9006E0D3
:108CF00000210FAA0B9811540B98401C0B900B9855
:108D00000828F5D3C649139843F6A52340F2B55277
:108D1000CDE90010C14901F1180003F0ABFB0FAB26
:108D200001E006E050E0DDE912121998FCF7A8FB1B
:108D3000A3E49DF85800C0EBC00000EB4001199877
:108D4000283000EB8100C26B0721049801FB002151
:108D50009DF85800C0EBC00000EB40021998283085
:108D600000EB820001619DF85800C0EBC00000EBF1
:108D700040011998283000EB810001699DF85800E6
:108D8000C0EBC00000EB40021998283000EB8200D5
:108D9000C068814225D9A349139841F6A12340F226
:108DA000BC52CDE900109D4901F1180003F062FBAF
:108DB0009D4800210B46CDE90010DDE912211998EC
:108DC000FDF729F8FF2033E598A1139843F6A22375
:108DD00040F2C352CDE90010904901F1180003F0B0
:108DE00049FB9DF85800C0EBC00000EB400119980A
:108DF000283000EB810001699DF85800C0EBC000ED
:108E000000EB40021998283000EB8200C16301207A
:108E100005909AE09DF85800C0EBC00000EB4002BE
:108E20001998283000EB8200059980F8401015AAA7
:108E30009DF858101998FDF701FA1598072830D9B0
:108E400005988DF83C000DF13D0307229DF8581060
:108E50001998FCF75CFE1890189860B14FF000610B
:108E60000D98CDE900010E9BDDE912211998FCF760
:108E7000D2FFFF20DCE4AFF64041139843F6A52370
:108E800040F2D152CDE90010644901F1180003F01D
:108E9000F1FA0FABDDE912121998FCF7F1FA50E084
:108EA00064E0059840F080008DF83C000DF13D0332
:108EB0009DF85810159A1998FCF729FE18901898E3
:108EC00060B14FF000610D98CDE900010E9BDDE926
:108ED00012211998FCF79FFFFF20A9E41598401C68
:108EE0000B9006E000210FAA0B9811540B98401C20
:108EF0000B900B980828F5D3AFF68C41139843F6E6
:108F0000A52340F2DE52CDE90010444901F11800DA
:108F100003F0B0FA0FABDDE912121998FCF7B0FAC2
:108F20001598C0F10700C1B29DF85800C0EBC00011
:108F300000EB40021998283000EB820080F84110C5
:108F400013E00598401CC0B205909DF85800C0EB96
:108F5000C00000EB40011998283000EB810090F828
:108F6000351005988142BFF655AF73E3069810B1EE
:108F7000069802287AD1189880B99DF85800C0EB5D
:108F8000C00000EB40011998283000EB8100807888
:108F9000042801D0012000E0002018901898C0B1EA
:108FA0003149149841F6AA2340F2EC52CDE9001061
:108FB0001A4901F1180003F05DFA1B49002003462D
:108FC000CDE90001DDE912211998FCF724FFFF200B
:108FD0002EE44CE0E0930400875700085265636577
:108FE000697665642053444F20626C6F636B207513
:108FF000706C6F616420726573706F6E736520644E
:109000006566696E656420617420696E64657820A8
:10901000307831323030202B200000000856000814
:10902000F4CC0008D4CB0008210000085265636529
:10903000697665642053444F20626C6F636B2053E4
:10904000544152542075706C6F6164206465666988
:109050006E656420617420696E64657820307831B3
:10906000323030202B20000074D1000875E29DF8CA
:109070005800C0EBC00000EB40011998283000EB0D
:10908000810000890E909DF85800C0EBC00000EBF5
:1090900040011998283000EB8100807A0D909DF8EE
:1090A0005800F74943F6072340F2F352CDE9001088
:1090B000F44901F1180003F0DDF99DF85800C0EB08
:1090C000C00000EB40011998283000EB8100B0F996
:1090D0004C00401CF0B39DF85810EA48543043F659
:1090E000052340F2F352CDE90001E6493C3803F094
:1090F000C1F99DF85800C0EBC00000EB4001199881
:10910000283000EB8100B0F94C00029002F031FFF2
:1091100001469DF85800C0EBC00000EB40021998D2
:10912000283000EB8200A0F84C109DF85810D5486C
:10913000303043F6062340F2F352CDE90001D14925
:10914000183803F097F90020CF4BD04A00909DF8D3
:10915000581000E00FE0199802F0B6FE01469DF8A5
:109160005800C0EBC00000EB40021998283000EB1B
:109170008200A0F84C100698E0BB1A98007A7F286D
:1091800019DD0021AFF2EC5041F6982340F2F6527F
:10919000CDE90001BB4901F1180003F06BF9BC49AE
:1091A0000D98CDE900010E9BDDE912211998FCF71D
:1091B00032FEFF2046E41A980079C0F380019DF842
:1091C0005800C0EBC00000EB40021998283000EBBB
:1091D000820080F834101A98017A9DF85800C0EB8C
:1091E000C00000EB40021998283000EB820080F8A4
:1091F0003510C9E0FFE71A9880797F2819DD002033
:10920000AFF2686141F6992340F2FF52CDE90010B8
:109210009C4901F1180003F02DF99D490D98CDE905
:1092200000010E9BDDE912211998FCF7F4FDFF20E7
:1092300008E41A9881799DF85800C0EBC00000EB53
:1092400040021998283000EB820080F835101A98F7
:10925000407900F07F00049015AA9DF858101998E5
:10926000FCF7ECFF1598E8BB9DF85800C0EBC00078
:1092700000EB40011998283000EB810090F8401075
:109280000498814235D19DF85800C0EBC00000EB36
:1092900040011998283000EB810090F84100C0216E
:1092A00041EA8000401CC0B28DF83C0001200B90C8
:1092B00006E000210FAA0B9811540B98401C0B904C
:1092C0000B980828F5D37349139843F6A52340F269
:1092D0000B62CDE900106B4901F1180003F0CAF8E8
:1092E0000FAB00E005E0DDE912121998FCF7C8F8B1
:1092F0001EE59DF85800C0EBC00000EB4001199836
:10930000283000EB8100C16B0722049802FB00119A
:109310009DF85800C0EBC00000EB400219982830BF
:1093200000EB820001619DF85800C0EBC00000EB2B
:1093300040011998283000EB810001699DF8580020
:10934000C0EBC00000EB40021998283000EB82000F
:10935000C068814218D95049139841F6A12340F2C0
:109360001262CDE90010474901F1180003F082F8BC
:109370004A4A0D99CDE900120E9BDDE91221199898
:10938000FCF749FDFF201EE59DF85800C0EBC0002A
:1093900000EB40011998283000EB810001699DF82D
:1093A0005800C0EBC00000EB40021998283000EBD9
:1093B0008200C16301200590BEE09DF85800C0EB1B
:1093C000C00000EB40021998283000EB820005999C
:1093D00080F8401015AA9DF858101998FCF72EFF38
:1093E000159807282ED905988DF83C000DF13D03FE
:1093F00007229DF858101998FCF789FB18901898C7
:1094000060B14FF000610D98CDE900010E9BDDE9E0
:1094100012211998FCF7FFFCFF20D4E420A1149836
:1094200043F6AB2340F22462CDE90010154901F167
:10943000180003F01FF80FABDDE912121998FCF7C2
:109440001FF875E0059840F080008DF83C000DF1A4
:109450003D039DF85810159A1998FCF758FB189081
:10946000189860B14FF000610D98CDE900010E9B96
:10947000DDE912211998FCF7CEFCFF20A3E425E0DA
:10948000546A000808560008E09304008757000853
:10949000020004051CCE00081CCC000821000008B6
:1094A00053444F2E2053656E64696E6720646F7756
:1094B0006E6C6F6164207365676D656E7420746F88
:1094C000206E6F6465206964200000001598401CC0
:1094D0000B9006E000210FAA0B9811540B98401C2A
:1094E0000B900B980828F5D3F6A1149843F6AB23FC
:1094F00040F23162CDE90010FE4901F1180002F09E
:10950000B9FF0FABDDE912121998FBF7B9FF1598F7
:10951000C0F10700C1B29DF85800C0EBC00000EBDD
:1095200040021998283000EB820080F8411013E0C7
:109530000598401CC0B205909DF85800C0EBC000D3
:1095400000EB40011998283000EB810090F83510AD
:1095500005988142BFF631AF7CE00698012860D1C2
:10956000E5A1149843F6AC2340F23962CDE900102E
:10957000E04901F1180002F07DFF9DF85810DD4828
:10958000543043F6052340F23A62CDE90001D9494F
:109590003C3802F06FFF9DF85800C0EBC00000EBB4
:1095A00040011998283000EB8100B0F94C0002907E
:1095B00002F0DFFC01469DF85800C0EBC00000EB54
:1095C00040021998283000EB8200A0F84C100122CC
:1095D0009DF85800C0EBC00000EB400119982830FE
:1095E00000EB810082709DF85800C0EBC00000EBDA
:1095F00040011998283000EB8100006D78B19DF88A
:109600005800C0EBC00000EB40011998283000EB77
:109610008100006D0290029A1499199890470020D9
:1096200028E4C049149841F6AB234FF4C862CDE951
:109630000010B04901F1180002F01CFFBA480021E7
:109640000B46CDE90010DDE912211998FCF7E3FB88
:10965000FF200FE44CE61298012874D118980028D6
:1096600072D01A98007900F0010006900698C0B1F7
:10967000AE49149841F6AC2340F24C62CDE900109B
:109680009C4901F1180002F0F5FEA74800210B46A5
:10969000CDE90010DDE912211998FCF7BCFBFF2091
:1096A0001BE41A984179807941EA00200E901A98BB
:1096B000C0790D909EA0139943F69B2340F252620D
:1096C000CDE900018B4901F1180002F0D3FEA84951
:1096D0000E9843F69B2340F25462CDE90010854971
:1096E00001F1180002F0C6FEA14914310D9843F6AD
:1096F0009B2340F25562CDE900107E4901F118002C
:1097000002F0B8FE16AA12991998FCF72CFC1890D2
:109710001898D0B10020974941F6892340F2596248
:10972000CDE90010734901F1180002F0A3FE7E4953
:109730000D98CDE900010E9BDDE912211998FCF787
:109740006AFBFF2044E4FDE371E004210D98CDE9BC
:1097500000019DF858100E9B139A1998FBF756FDBF
:1097600001219DF85800C0EBC00000EB40021998A1
:10977000283000EB820080F842101A980079C0F37C
:1097800080019DF85800C0EBC00000EB4002199822
:10979000283000EB820080F834101A98007900F02D
:1097A0000200B8B11A98017A407A01EB00211A98A8
:1097B000807A01EB00411A98C07A01EB00619DF8B4
:1097C0005800C0EBC00000EB40021998283000EBB5
:1097D00082008163A0208DF83C000E98C0B28DF805
:1097E0003D000E9800128DF83E000D988DF83F0058
:1097F00010208DF8400000208DF843008DF84200C5
:109800008DF841005CA1139843F6AD234FF4CD626F
:10981000CDE90010374901F1180002F02BFE0FAB23
:10982000DDE912121998FBF72BFE01F0BFB89DF885
:109830005800C0EBC00000EB40011998283000EB45
:10984000810090F8420001283BD15BA1139843F6B8
:109850009B2340F26C62CDE90010264901F118000B
:1098600002F008FE9DF85800624943F6072340F2D3
:109870006D62CDE900101F4901F1180002F0FAFDF8
:109880009DF85800C0EBC00000EB4001199828304B
:1098900000EB8100B0F94C00401C88B19DF85800E5
:1098A0001449543143F6052340F26D62CDE90010AE
:1098B000543901F1180002F0DDFD9DF858009BE0DD
:1098C000D8E0EDE153444F2E2053656E64696E6716
:1098D000206C61737420646F776E6C6F61642073A9
:1098E00065676D656E7420746F206E6F64652069A6
:1098F000642000000856000853444F20456E642041
:10990000626C6F636B20646F776E6C6F6164207242
:109910006573706F6E73652066726F6D206E6F6415
:10992000654964005CD000082100000830D10008BF
:1099300052656365697665642053444F20626C6F9D
:10994000636B20646F776E6C6F616420696E6974FD
:109950006961746520646566696E65642061742060
:10996000696E64657820307831323030202B2000E9
:109970000C700008E073000853444F2E2053656EAE
:1099800064696E6720626C6F636B20646F776E6CC6
:109990006F616420696E69746961746520726573B2
:1099A000706F6E7365202D20696E64657820307845
:1099B00031323030202B2000526563656976656452
:1099C0002053444F20626C6F636B20646F776E6C22
:1099D0006F61642064617461207365676D656E7486
:1099E000202D20696E646578203078313230302047
:1099F0002B200000546A0008C0EBC00000EB4001BF
:109A00001998283000EB8100B0F94C00029002F068
:109A1000B0FA01469DF85800C0EBC00000EB4002D0
:109A20001998283000EB8200A0F84C109DF85810CF
:109A3000FE4843F6062340F26D62CDE90001A0F135
:109A40003001183802F016FD0020F94BF94A009059
:109A50009DF85810199802F037FA01469DF8580001
:109A6000C0EBC00000EB40021998283000EB8200E8
:109A7000A0F84C101A98007900F07F0005901A9811
:109A8000007900F08000E8B39DF85800C0EBC000FA
:109A900000EB40011998283000EB810090F840005D
:109AA000401C0599884229D102219DF85800C0EB3D
:109AB000C00000EB40021998283000EB820080F8CB
:109AC00042109DF85800C0EBC00000EB400219980E
:109AD000283000EB8200059980F840109DF858006E
:109AE000C0EBC00000EB40011998283000EB810169
:109AF0001A98426841F8432F80684860A2208DF888
:109B00003C0000E03DE09DF85800C0EBC00000EBD9
:109B100040011998283000EB810090F840008DF842
:109B20003D0010208DF83E0000208DF843008DF898
:109B300042008DF841008DF840008DF83F00BEA135
:109B4000139843F6AE2340F27A62CDE90010B7498C
:109B5000303901F1180002F08DFC0FABDDE9121273
:109B60001998FBF78DFC00219DF85800C0EBC00050
:109B700000EB40021998283000EB820080F840107A
:109B800053E69DF85800C0EBC00000EB4001199867
:109B9000283000EB810090F84000401C0599884275
:109BA0003AD19DF85800C0EBC00000EB4002199874
:109BB000283000EB8200059980F840101A98431D68
:109BC00007229DF858101998FCF796F818901898E5
:109BD00010B34FF000619DF85800C0EBC00000EBDF
:109BE00040021998283000EB8200807ACDE900010C
:109BF0009DF85800C0EBC00000EB400119982830D8
:109C000000EB8100008903460290DDE912211998DA
:109C1000FCF701F9FF2031E405981028B0D1A2200B
:109C20008DF83C009DF85800C0EBC00000EB4001EF
:109C30001998283000EB810090F840008DF83D0025
:109C400010208DF83E0000208DF843008DF8420072
:109C50008DF841008DF840008DF83F0076A11398F3
:109C600043F6AE2340F28D62CDE900106F493039E2
:109C700001F1180002F0FEFB0FABDDE9121219989A
:109C8000FBF7FEFB00219DF85800C0EBC00000EB85
:109C900040021998283000EB820080F84010C4E59B
:109CA0009DF85800C0EBC00000EB40011998283027
:109CB00000EB810090F842000228F0D16CA11398CB
:109CC00043F69B2340F29462CDE9001057493039A6
:109CD00001F1180002F0CEFB1A98007900F00100A3
:109CE000C8B97249139841F6AD2340F29762CDE9A5
:109CF00000104E49303901F1180002F0BBFB6C49ED
:109D000000200346CDE90001DDE912211998FCF796
:109D100082F8FF2084E49DF85800664943F6072343
:109D200040F29B62CDE900104049303901F1180042
:109D300002F0A0FB9DF85800C0EBC00000EB400112
:109D40001998283000EB8100B0F94C00401CE8B3B2
:109D50009DF858003549243143F6052340F29B62B3
:109D6000CDE90010543901F1180002F083FB9DF891
:109D70005800C0EBC00000EB40011998283000EB00
:109D80008100B0F94C00029002F0F3F801469DF812
:109D90005800C0EBC00000EB40021998283000EBDF
:109DA0008200A0F84C109DF85800204943F6062385
:109DB00040F29B62CDE90010303901F1180002F049
:109DC00059FB00201A4B1B4A009000E011E09DF85F
:109DD0005810199802F078F801469DF85800C0EB29
:109DE000C00000EB40021998283000EB8200A0F878
:109DF0004C101A980079C0F3820003909DF8580027
:109E0000C0EBC00000EB40011998283000EB810046
:109E1000443002900398C0F10700019002469DF87B
:109E20005810029B1998FBF767FF45E03856000869
:109E3000E09304008757000853444F2E2053656E6B
:109E400064696E6720626C6F636B20646F776E6C01
:109E50006F616420726573706F6E7365202D206969
:109E60006E64657820307831323030202B2000004D
:109E700052656365697665642053444F20626C6F58
:109E8000636B20646F776E6C6F616420656E642015
:109E900072657175657374202D20696E6465782014
:109EA000307831323030202B2000000054CA0008B6
:109EB00021000008546A00081890189810B34FF059
:109EC00000619DF85800C0EBC00000EB40021998FB
:109ED000283000EB8200807ACDE900019DF858001F
:109EE000C0EBC00000EB40011998283000EB810066
:109EF000008903460290DDE912211998FBF78BFFD8
:109F0000FF201FE49DF85800C0EBC00000EB4001AB
:109F10001998283000EB8100806BE8B39DF8580059
:109F2000C0EBC00000EB40011998283000EB810025
:109F3000816B9DF85800C0EBC00000EB40021998FF
:109F4000283000E0A3E000EB82000069814230D0BD
:109F5000F1A1139841F6AE2340F2A562CDE90010BD
:109F6000FD4901F1180002F085FAFC499DF85800FE
:109F7000C0EBC00000EB40021998283000EB8200D3
:109F8000807ACDE900019DF85800C0EBC00000EBDD
:109F900040011998283000E00BE000EB81000089B7
:109FA00003460290DDE912211998FBF734FFFF20E8
:109FB00031E6A1208DF83C0001200B9006E0002145
:109FC0000FAA0B9811540B98401C0B900B98082863
:109FD000F5D3E3A1139843F6AF2340F2AD62CDE988
:109FE0000010DD4901F1180002F044FA0FABDDE981
:109FF00012121998FBF744FA9DF858101998FBF7BC
:10A00000A7FC1190119870B30020E44941F6AF23EA
:10A0100040F2B262CDE90010CF4901F1180002F020
:10A0200029FA9DF85800C0EBC00000EB40021998D7
:10A03000283000EB8200807A1199CDE900019DF86B
:10A040005800C0EBC00000EB40011998283000EB2D
:10A050008100008903460290DDE912211998FBF77F
:10A06000DAFEFF20D7E5FFE79DF858101998FBF7B7
:10A07000CCF9CBA1139843F6AF234FF4D762CDE9C7
:10A080000010B54901F1180002F0F4F908E1189840
:10A09000C0B1D1A1149841F6AD2340F2BE62CDE922
:10A0A0000010AD4901F1180002F0E4F9AB480021BD
:10A0B0000B46CDE90010DDE912211998FBF7ABFE44
:10A0C000FF20A8E59DF85800B449883943F60723D6
:10A0D00040F2C262CDE900109F4901F1180002F080
:10A0E000C9F99DF85800C0EBC00000EB4001199879
:10A0F000283000EB8100B0F94C00401CF0B39DF813
:10A1000058009549543143F6052340F2C262CDE927
:10A110000010543901F1180002F0ACF99DF8580014
:10A12000C0EBC00000EB40011998283000EB810023
:10A13000B0F94C00029001F01CFF01469DF8580058
:10A14000C0EBC00000EB40021998283000EB820001
:10A15000A0F84C109DF858007F49303143F6062393
:10A1600040F2C262CDE90010303901F1180002F06E
:10A1700081F90020A54BA64A009000E011E09DF86F
:10A180005810199801F0A0FE01469DF85800C0EB48
:10A19000C00000EB40021998283000EB8200A0F8C4
:10A1A0004C109DF85800C0EBC00000EB400119981E
:10A1B000283000EB810090F84200E0BB1A9800794B
:10A1C00000F0010000286BD192A1149843F69C2363
:10A1D00040F2C562CDE900105F4901F1180002F0BC
:10A1E00049F901219DF85800C0EBC00000EB400286
:10A1F0001998283000EB820080F842101A980079F4
:10A20000C0F380019DF85800C0EBC00000EB400295
:10A210001998283000EB820080F834101A980079E1
:10A2200000F00200C8B11A98017A407A01EB0021CF
:10A230001A98807A00E034E001EB00411A98C07A65
:10A2400001EB00619DF85800C0EBC00000EB40023C
:10A250001998283000EB82008163A3208DF83C0020
:10A2600001200B9006E000210FAA0B9811540B98C7
:10A27000401C0B900B980828F5D373A1149843F653
:10A28000B62340F2CD62CDE90010334901F1180048
:10A2900002F0F0F80FABDDE912121998FBF7F0F8B5
:10A2A00084E39DF85800C0EBC00000EB4001199812
:10A2B000283000EB810090F8420001282AD11A983A
:10A2C000007900F07F0005901A98007900F0800076
:10A2D000F8B19DF85800C0EBC00000EB40011998A0
:10A2E000283000EB810090F84000401C059988421E
:10A2F00011D102219DF85800C0EBC00000EB4002D4
:10A300001998283000EB820080F842109DF8580020
:10A31000B0E00AE197E1C8E053444F206572726FE4
:10A320007220626C6F636B20646F776E6C6F616418
:10A33000203A2073697A657320646F206E6F7420F1
:10A340006D61746368202D20696E646578203078B3
:10A3500031323030202B2000085600082100000840
:10A3600053444F2E2053656E64696E6720626C6F94
:10A37000636B20646F776E6C6F616420656E642020
:10A38000726573706F6E7365202D20696E646578D9
:10A3900020307831323030202B200000DC6A000879
:10A3A00053444F2E20456E64206F6620626C6F63AD
:10A3B0006B20646F776E6C6F616420646566696E94
:10A3C000656420617420696E64657820307831326C
:10A3D0003030202B2000000053444F206572726FF4
:10A3E0007220626C6F636B2075706C6F6164203AD1
:10A3F000206E6F207472616E736D697373696F6E16
:10A40000207374617274656400000000E0930400BE
:10A410008757000852656365697665642053444F29
:10A4200020626C6F636B2075706C6F616420726565
:10A4300073706F6E73652066726F6D206E6F6465EA
:10A44000206964200000000053444F2E2053656EA5
:10A4500064696E6720626C6F636B2075706C6F61EE
:10A460006420737461727420746F206E6F64652051
:10A4700069642000C0EBC00000EB4002199828304E
:10A4800000EB8200059980F840109DF85800C0EB61
:10A49000C00000EB40011998283000EB81011A98A8
:10A4A000426841F8432F80684860A2208DF83C0044
:10A4B0009DF85800C0EBC00000EB4001199828300F
:10A4C00000EB810090F840008DF83D0010208DF8E1
:10A4D0003E0000208DF843008DF842008DF84100C9
:10A4E0008DF840008DF83F00F6A1149843F6B7238D
:10A4F00040F2DE62CDE90010FE4901F1180001F0E2
:10A50000B9FF0FABDDE912121998FAF7B9FF002174
:10A510009DF85800C0EBC00000EB400219982830AD
:10A5200000EB820080F8401040E29DF85800C0EB3C
:10A53000C00000EB40011998283000EB810090F832
:10A540004000401C059988423AD19DF85800C0EB64
:10A55000C00000EB40021998283000EB82000599FA
:10A5600080F840101A98431D07229DF8581019983A
:10A57000FBF7C2FB1890189810B34FF000619DF8DC
:10A580005800C0EBC00000EB40021998283000EBE7
:10A590008200807ACDE900019DF85800C0EBC00030
:10A5A00000EB40011998283000EB81000089034638
:10A5B0000290DDE912211998FBF72DFCFF20A0E4A1
:10A5C00005981028B0D1A2208DF83C009DF85800C5
:10A5D000C0EBC00000EB40011998283000EB81006F
:10A5E00090F840008DF83D0010208DF83E000020CE
:10A5F0008DF843008DF842008DF841008DF8400041
:10A600008DF83F00AFA1149843F6AE2340F2F162FB
:10A61000CDE90010B74901F1180001F02BFF0FAB95
:10A62000DDE912121998FAF72BFF00219DF8580066
:10A63000C0EBC00000EB40021998283000EB82000C
:10A6400080F84010B2E19DF85800C0EBC00000EB6C
:10A6500040011998283000EB810090F84200022850
:10A66000F0D11A98007900F00100C0B9A2491498FD
:10A6700041F6AD2340F2FA62CDE900109D4901F1A7
:10A68000180001F0F7FE9D4800210B46CDE90010AF
:10A69000DDE912211998FBF7BEFBFF2031E41A987F
:10A6A0000079C0F3820003909DF85800C0EBC00011
:10A6B00000EB40011998283000EB810044300290F3
:10A6C0000398C0F10700019002469DF85810029BC4
:10A6D0001998FBF711FB1890189810B34FF0006110
:10A6E0009DF85800C0EBC00000EB400219982830DC
:10A6F00000EB8200807ACDE900019DF85800C0EBA4
:10A70000C00000EB40011998283000EB810000895F
:10A7100003460290DDE912211998FBF77CFBFF202C
:10A7200046E49DF85800C0EBC00000EB40011998CA
:10A73000283000EB8100806BF0B39DF85800C0EB2F
:10A74000C00000EB40011998283000EB8100816BBC
:10A750009DF85800C0EBC00000EB4002199828306B
:10A7600000EB82000069814230D065A1149841F667
:10A77000AE2340F20772CDE900105E4901F11800E6
:10A7800001F078FE5D499DF85800C0EBC00000EB79
:10A7900040021998283000EB8200807ACDE9000150
:10A7A0009DF85800C0EBC00000EB4001199828301C
:10A7B00000EB8100008900E008E003460290DDE93B
:10A7C00012211998FBF727FBFF204BE4A1208DF8FD
:10A7D0003C0001200B9006E000220FA90B980A54C0
:10A7E0000B98401C0B900B980828F5D354A1149893
:10A7F00043F6AF2340F20F72CDE900103D4901F15D
:10A80000180001F037FE0FABDDE912121998FAF7C4
:10A8100037FE002157A043F6AF2340F21172CDE975
:10A820000001344901F1180001F024FE9DF85800A0
:10A830003049543143F6052340F21272CDE900103D
:10A84000543901F1180001F015FE9DF85800C0EBD5
:10A85000C00000EB40011998283000EB8100B0F9EE
:10A860004C00029001F085FB01469DF85800C0EBBA
:10A87000C00000EB40021998283000EB8200A0F8DD
:10A880004C1001229DF85800C0EBC00000EB4001C5
:10A890001998283000EB810082709DF85800C0EBB9
:10A8A000C00000EB40011998283000EB8100006DDA
:10A8B00030B19DF85800C0EBC00000EB40016BE0E8
:10A8C00074E0000053444F2E2053656E64696E6738
:10A8D00020626C6F636B2075706C6F6164207265B1
:10A8E00073706F6E736520746F206E6F646520697E
:10A8F0006420000008560008D0CF0008210000089E
:10A9000053444F206572726F7220626C6F636B20CC
:10A91000646F776E6C6F6164203A2073697A657337
:10A9200020646F206E6F74206D61746368202D2029
:10A9300066726F6D206E6F64652069642000000090
:10A9400053444F2E2053656E64696E6720626C6FAE
:10A95000636B2075706C6F616420656E6420726536
:10A96000717565737420746F206E6F6465206964FF
:10A970002000000053444F2E20456E64206F662057
:10A98000626C6F636B2075706C6F616420726571AF
:10A9900075657374000000001998283000EB810081
:10A9A000006D0290029A1499199890473BE018980C
:10A9B00000BBF8499DF85800C0EBC00000EB400216
:10A9C0001998283000EB8200807ACDE900019DF8CB
:10A9D0005800C0EBC00000EB40011998283000EB94
:10A9E0008100008903460290DDE912211998FBF7E6
:10A9F00012FA09E0E74800210B46CDE90010DDE935
:10AA000012211998FBF707FAE3A1179841F6B22330
:10AA100040F21E72CDE90010EA4901F1180001F080
:10AA200029FDFF20CBE500BF0020C8E5F8B50546AD
:10AA30000E4631462846FBF7F5FA0446FE2C00DBAD
:10AA4000F8BD6B46022221462846FBF7ABF900B160
:10AA5000F6E79DF800102846FAF7D7FC00BFEFE7AD
:10AA60002DE9F04F87B006460F4691469A46109D55
:10AA7000D5A04FF46B534FF4F162D249CDE90007F2
:10AA800001F1180001F0F6FCDBA043F6C12340F20F
:10AA90008972CC49CDE9000901F1180001F0EAFC06
:10AAA000E1A043F6C22340F28A72C649CDE9000A0A
:10AAB00001F1180001F0DEFCE7A043F6C32340F2E9
:10AAC0008B72C049CDE9000501F1180001F0D2FCFC
:10AAD000202D0FD9EC4841F6C3234FF4F262B94957
:10AAE000CDE9000701F1180001F0C4FCFF2007B018
:10AAF000BDE8F08F39463046FBF794FA8346BBF148
:10AB0000FE0F01DB5846F2E706AB022259463046FB
:10AB1000FBF748F98046B8F1000F0DD1DBA041F6F4
:10AB2000C42340F29C72A749CDE9000701F1180047
:10AB300001F0A0FCFF20DAE706AA02213046FBF76D
:10AB400012FA8046B8F1000F0DD0DE4841F6C52359
:10AB500040F2A2729B49CDE9000701F1180001F013
:10AB600089FCFF20C3E79DF81800D7A143F6E12335
:10AB700040F2A672CDE90010924901F1180001F0EF
:10AB800079FC1598A8B104204B465A46CDE900A09F
:10AB90009DF818103046FAF739FB9DF81800C0EB05
:10ABA000C00000EB400106F1280000EB8100856346
:10ABB00009E002204B465A46CDE900A09DF8181046
:10ABC0003046FAF723FB9DF81800C0EBC00000EBFD
:10ABD000400106F1280000EB8100C5609DF81810C7
:10ABE000C1EBC10101EB410206F1280101EB820139
:10ABF000119881F84B000020059012E005991298F9
:10AC0000425C9DF81800C0EBC00000EB400106F16B
:10AC1000280000EB81001430059942540598401C2F
:10AC200005900598A842E9D3159880B1C2208DF807
:10AC30000C00002408E0E00025FA00F0C1B203AAED
:10AC4000201D1154601CC4B2042CF4DB3BE0042D25
:10AC500029D8C5F10400202141EA8000C01CC0B2FF
:10AC60008DF80C00042410E09DF81800C0EBC00023
:10AC700000EB400106F1280000EB81001430211F99
:10AC8000405C03A90855601CC4B2082CECDB9DF89D
:10AC90001800C0EBC00000EB400106F1280000EBFB
:10ACA000810005610FE021208DF80C00002408E0F0
:10ACB000E00025FA00F0C1B203AA201D1154601C67
:10ACC000C4B2042CF4DB09F0FF008DF80D004FEA4C
:10ACD00019208DF80E008DF80FA09DF81810C1EB0B
:10ACE000C10101EB410206F1280101EB8201139839
:10ACF000086503AB5A4602213046FAF7C1FB80468D
:10AD0000B8F1000F12D076A041F6D12340F2F272D2
:10AD10002C49CDE9000701F1180001F0ABFB9DF8CB
:10AD200018103046FAF771FBFF20E0E60020DEE65F
:10AD30002DE9F04F87B004460D4616461F46DDE963
:10AD400012ABDDE91089012000213B463246CDE9F6
:10AD5000040B8DE80007039129462046FFF780FE8B
:10AD600007B0BDE8F08F2DE9FF4F87B004460D46D0
:10AD7000164614AF97E8800F0120CDE9040B8DE84B
:10AD800080073246294620460A9BFFF769FE0BB032
:10AD9000BDE8F08F0100040553444F2E2052656337
:10ADA000656976656420756E6B6E6F776E20636F74
:10ADB0006D6D616E6420737065636966696572208C
:10ADC0003A2000000856000853656E642053444F33
:10ADD00020746F20777269746520696E20746865CD
:10ADE0002064696374696F6E617279206F66206E8A
:10ADF0006F6465203A2000002020202020202020A1
:10AE00002020202020202020202020202020202042
:10AE10002020202020202020202020417420696E26
:10AE2000646578203A200000202020202020202067
:10AE30002020202020202020202020202020202012
:10AE40002020202020202020202020737562496EA1
:10AE5000646578203A200000202020202020202037
:10AE600020202020202020202020202020202020E2
:10AE700020202020202020202020206E62206279A7
:10AE8000746573203A20000030CF000853444F20EF
:10AE90006572726F72203A20436F6D6D756E6963D3
:10AEA0006174696F6E207965742065737461626C7A
:10AEB00069736865642E2077697468206E6F6465B5
:10AEC000203A200088CF00085472616E736D697358
:10AED00073696F6E206F6E206C696E65203A20007A
:10AEE00053444F2E204572726F72207768696C65EB
:10AEF0002073656E64696E672053444F20746F2021
:10AF00006E6F6465203A20002DE9FF4F89B0054639
:10AF10000E46DDE918ABDDE91689DDE91A108DE88A
:10AF2000000FCDE9041031462846DDE90B23FFF779
:10AF300097FD08900898FE285ED168694488A86942
:10AF40004088079084B90020F3A141F6C62340F65B
:10AF50003502CDE90010FC4901F1180001F08AFA30
:10AF6000FF200DB0BDE8F08F002740E0686800EBDF
:10AF7000C400007903280FDC07F59450F34941F62B
:10AF8000C82340F63D02CDE90010EF4901F1180059
:10AF900001F070FAFF20E4E7686850F83400806B35
:10AFA000007806900698F0B906F5C060696851F817
:10AFB0003410896908608038696851F83410896AEA
:10AFC0000860686850F83400806B0670DDE91A018B
:10AFD0008DE8000FCDE9040131462846DDE90B2359
:10AFE000FFF73EFDBDE7601C84B2781CC7B207982E
:10AFF0008442BBDDFF20B4E7089808B90020B0E721
:10B00000FF20AEE72DE9F04F85B081468846154612
:10B010001E46DDF838B0CEA043F6D52340F66C02CC
:10B02000C949CDE9000801F1180001F023FAD4A0C4
:10B0300043F6D62340F66D02C349CDE9000501F180
:10B04000180001F017FADAA043F6D72340F66E0293
:10B05000BD49CDE9000601F1180001F00BFA4146A7
:10B060004846FAF7DFFF8246BAF1FE0F03DB50468F
:10B0700005B0BDE8F08F04AB022251464846FAF70E
:10B0800091FE074677B9AFF2FC1041F6D82340F69F
:10B090007802AD49CDE9000801F1180001F0EAF9A4
:10B0A000FF20E5E704AA02214846FAF75CFF0746BD
:10B0B0006FB1CB4841F6D92340F67E02A249CDE9D3
:10B0C000000801F1180001F0D5F9FF20D0E79DF844
:10B0D0001000AFF20C2143F6E02340F68202CDE9E6
:10B0E0000010994901F1180001F0C4F9109868B3F3
:10B0F00005202B465246CDE900609DF810104846C9
:10B10000FAF784F89DF81000C0EBC00000EB400196
:10B1100009F1280000EB810080F84BB0A0208DF8E9
:10B120000800E8B28DF80900280A8DF80A008DF8A9
:10B130000B6010208DF80C00052404E0002002A90B
:10B140000855601CC4B2082CF8DB29E003202B460C
:10B150005246CDE900609DF810104846FAF756F8BF
:10B160009DF81000C0EBC00000EB400109F1280081
:10B1700000EB810080F84BB040208DF80800E8B269
:10B180008DF80900280A8DF80A008DF80B60042458
:10B1900004E0002002A90855601CC4B2082CF8DBAA
:10B1A0009DF81010C1EBC10101EB410209F128012A
:10B1B00001EB82010F98086502AB52460221484616
:10B1C000FAF75EF907469FB1AFF2EC2041F6E523AE
:10B1D00040F69F025C49CDE9000801F1180001F03A
:10B1E00049F99DF810104846FAF70FF9FF203FE79C
:10B1F00000203DE72DE9FE4304460D4616461F4656
:10B20000DDE90A8900203B4632462946CDE901099D
:10B21000CDF800802046FFF7F5FEBDE8FE832DE95E
:10B22000FE4F04460D4616461F46DDE90D9ADDF831
:10B2300030803B463246294620468DE80007FFF71E
:10B24000E1FEBDE8FE8F2DE9FF4F85B005460E46B5
:10B25000DDE9139ADDF848808DE80007314628467D
:10B26000DDE90723FFF7CEFE8346BBF1FE0F52D187
:10B2700068694488A8694088049084B9002026A1A0
:10B2800041F6C62340F6D902CDE900102E4901F15E
:10B29000180001F0EFF8FF2009B0BDE8F08F00279B
:10B2A000A4E0686800EBC400007903280FDC07F510
:10B2B0009450264941F6C82340F6E102CDE900103A
:10B2C000214901F1180001F0D5F8FF20E4E7686892
:10B2D00050F83400806B007803900398D0B906F5DD
:10B2E000C060696851F834108969086080386968FD
:10B2F00051F83410896A0860686850F83400806B2F
:10B3000006708DE8000731462846DDE90723FFF780
:10B3100079FEC1E766E06FE077726974654E657427
:10B32000776F726B44696374203A204E6F205344E8
:10B330004F20636C69656E7420696E646578206661
:10B340006F756E6400000000085600080465000870
:10B3500053656E642053444F20746F20726561649E
:10B3600020696E207468652064696374696F6E611A
:10B370007279206F66206E6F6465203A20000000AD
:10B3800020202020202020202020202020202020BD
:10B3900020202020202020202020202020202020AD
:10B3A0002020417420696E646578203A20000000F6
:10B3B000202020202020202020202020202020208D
:10B3C000202020202020202020202020202020207D
:10B3D0002020737562496E646578203A2000000071
:10B3E00088CF0008601C84B2781CC7B204988442DD
:10B3F0007FF757AFFF204FE7BBF1000F01D10020CF
:10B400004AE7FF2048E72DE9FE4F0446884691466B
:10B410001D46DDF830A00020CAF800004146204655
:10B42000FAF700FE8346BBF1FE0F04DB0020286024
:10B430008520BDE8FE8F02AB022259462046FAF76E
:10B44000B1FC0746002F0FD080A041F6F02340F654
:10B450001C128D49CDE9000801F1180001F00AF82D
:10B46000002028608520E4E79DF80800C0EBC000BC
:10B4700000EB400104F1280000EB810080780128F6
:10B4800034D09DF80800C0EBC00000EB400104F18F
:10B49000280000EB8100807880280CD09DF80800FF
:10B4A000C0EBC00000EB400104F1280000EB81007C
:10B4B000807885280ED19DF80800C0EBC00000EB15
:10B4C000400104F1280000EB81004068CAF8000048
:10B4D000002028609DF80800C0EBC00000EB400190
:10B4E00004F1280000EB81008078A2E79DF80800B5
:10B4F000C0EBC00000EB400104F1280000EB81002C
:10B50000C068A8B99DF80800C0EBC00000EB40017E
:10B5100004F1280000EB810001699DF80800C0EBF0
:10B52000C00000EB400204F1280000EB8200C16083
:10B530009DF80800C0EBC00000EB400204F12800B9
:10B5400000EB82002968C068814203D20020286095
:10B550008A206EE79DF80800C0EBC00000EB4001B8
:10B5600004F1280000EB8100C068286000260EE08E
:10B570009DF80800C0EBC00000EB400104F128007A
:10B5800000EB81001430805D09F80600761C286805
:10B59000B042EDD89DF808102046F9F736FF01209B
:10B5A00047E72DE9FE4304460F461546002002906A
:10B5B000286039462046FAF735FD8046B8F1FE0F7F
:10B5C00002DB8520BDE8FE8302AB02224146204615
:10B5D000FAF7E8FB06466EB11CA041F6F12340F6EF
:10B5E00073122949CDE9000701F1180000F042FF6C
:10B5F0008520E7E79DF80800C0EBC00000EB4001A4
:10B6000004F1280000EB8100406828609DF80800E4
:10B61000C0EBC00000EB400104F1280000EB81000A
:10B62000807801280BD09DF80800C0EBC00000EB2B
:10B63000400104F1280000EB81008078C2E79DF80A
:10B6400008102046F9F7E1FE0120BBE753444F20E4
:10B650006572726F72203A204E6F206C696E6520A1
:10B66000666F756E6420666F7220636F6D6D756EA8
:10B6700069636174696F6E2077697468206E6F64A6
:10B6800065203A200000000008560008014691F8A5
:10B690007C00704770B504460D462E88F0110F28C7
:10B6A00043D2DFE800F03A08191A1B1C1D1E1F20A8
:10B6B00021292A423200802E06D18020005D50B11F
:10B6C000204600F027FB06E07F20005D18B12946E8
:10B6D0002046F7F7EDFC28E000BF00BF00BF00BF29
:10B6E00000BF00BF00BF00BF8220005D18B1294627
:10B6F0002046F9F743F818E000BF7E20005D18B13E
:10B7000029462046FAF7E0FD0FE08120005D18B1E0
:10B7100029462046F7F783FD07E0206A007818B134
:10B7200029462046F8F7DAF800BF00BF70BD7CB5A7
:10B7300004460D46687890B17E20005D78B942F2EB
:10B740000F70FAA149F699138F22CDE90010F9A1E3
:10B75000FEA000F08FFE01217E20015517E06878E1
:10B76000A8B97E20005D012811D142F20F70FDA121
:10B7700049F699138F22CDE90010EEA1F3A000F055
:10B7800079FE00217E2001552046FAF7D4F8E878AA
:10B79000A8B18020005D90B942F20F70F4A149F683
:10B7A00099139022CDE90010E2A1E8A000F062FE1A
:10B7B000012180200155204600F016FB17E0E878B3
:10B7C000A8B98020005D012811D142F20F70ECA1D0
:10B7D00049F699139022CDE90010D6A1DBA000F024
:10B7E00049FE002180200155204600F0E6FA287924
:10B7F000A8B18120005D90B942F20F70E3A149F633
:10B8000099139122CDE90010CAA1D0A000F032FE18
:10B810000121812001552046F7F7AEFF17E0287976
:10B82000A8B98120005D012811D142F20F70DCA17E
:10B8300049F699139122CDE90010BEA1C3A000F0F2
:10B8400019FE0021812001552046F7F79EFFA878B8
:10B85000A8B17F20005D90B942F20F70D5A149F6E2
:10B8600099139222CDE90010B2A1B8A000F002FE17
:10B8700001217F2001552046F7F7D0FA17E0A8787C
:10B88000A8B97F20005D012811D142F20F70CEA12E
:10B8900049F699139222CDE90010A6A1ABA000F0C1
:10B8A000E9FD00217F2001552046F7F7C6FA6879A7
:10B8B000A8B18220005D90B942F20F70C7A149F68D
:10B8C00099139322CDE900109AA1A0A000F0D2FD17
:10B8D0000121822001552046F9F7A9FB17E068797C
:10B8E000A8B98220005D012811D142F20F70BEA1DB
:10B8F00049F699139322CDE900108EA193A000F090
:10B90000B9FD0021822001552046F9F713FC287863
:10B9100090B194F87D0078B942F20F7083A149F696
:10B9200099139422CDE9001082A188A000F0A2FD15
:10B93000012084F87D0017E02878A8B994F87D00EC
:10B94000012811D142F20F70AAA149F6991394224D
:10B95000CDE9001077A17DA000F08CFD002084F8D7
:10B960007D002046F8F735F87CBD7CB504460D46D1
:10B9700094F87C00A84259D035B1042D3CD0052D57
:10B9800023D07F2D4FD10FE09F4903C9CDE900019E
:10B99000002084F87C0069462046FFF7C8FE204658
:10B9A000D4F88410884700BF9749083103C9CDE90E
:10B9B00000017F2084F87C0069462046FFF7B7FE2F
:10B9C0002046D4F8881088472FE094F87C0008B906
:10B9D000FF207CBD8C49103103C9CDE90001052051
:10B9E00084F87C00052569462046FFF7A0FE204626
:10B9F000D4F88C10884718E094F87C0008B9FF2030
:10BA0000E7E78149183103C9CDE90001042084F832
:10BA10007C00042569462046FFF789FE2046D4F8BD
:10BA20009010884701E0FF20D3E700BF94F87C0026
:10BA3000CFE701460868007870472DE9FF470446C4
:10BA40000E4660690588002E01DD7F2E0BDD6FA09C
:10BA500042F60153FB2237A1CDE900063BA000F0DE
:10BA600009FDBDE8FF875DB3606850F83500806967
:10BA700001682068007800F5C060814203D020682A
:10BA80000078FF2806D106F5C060616851F83510CE
:10BA900089690860606850F83500806A016820682C
:10BAA000007800F5B060814203D020680078FF285C
:10BAB00006D106F5B060616851F83510896A0860F2
:10BAC00000206769BD88A769BB88DFF83C9109F150
:10BAD0002009D9E901C8D9F80070D9F80C90CDE94E
:10BAE00001C8CDF80C900097F5B1A5E0676857F84C
:10BAF0003570BF693F6827F06041676857F8357057
:10BB0000BF693F6807F060425DF82070D4F800C05C
:10BB10009CF800C067448F4203D027683F78FF2F0E
:10BB200003D15DF8207079E08BE081E04E6F6E65A7
:10BB3000000000002E2E5C43414E6F70656E5C73FA
:10BB400072635C7374617465732E630025732C25B6
:10BB500064203A20305825782025732030582578E5
:10BB6000200D0A00726573657453444F28642900E0
:10BB7000737461727453594E4328642900000000A5
:10BB800073746F7053594E43286429006C6966655D
:10BB90004775617264496E69742864290000000069
:10BBA0006C696665477561726453746F70286429A7
:10BBB00000000000656D657267656E6379496E69A6
:10BBC0007428642900000000656D657267656E6306
:10BBD0007953746F702864290000000050444F4965
:10BBE0006E6974286429000050444F53746F7028A4
:10BBF00064290000736C61766553656E64426F6FF3
:10BC0000745570286429000060C90008496E766187
:10BC10006C6964204E6F64654944000037441743E3
:10BC2000D4F804C05CF835C0DCF818C0CCF800705B
:10BC3000471CF8B26F1CBDB29D4202DC0428FFF61F
:10BC400055AF002067693D89A7693B89DFF8C0903F
:10BC5000D9E901C8D9F80070D9F80C90CDE901C82C
:10BC6000CDF80C90009700BF7DB32AE0676857F8C5
:10BC70003570BF693F6827F06041676857F83570D5
:10BC8000BF693F6807F060425DF82070D4F800C0DB
:10BC90009CF800C067448F4203D027683F78FF2F8D
:10BCA0000BD15DF8207037441743D4F804C05CF81A
:10BCB00035C0DCF818C0CCF80070471CF8B26F1C17
:10BCC000BDB29D4201DC0428D0DBD4F81802016823
:10BCD000206800788030814203D020680078FF28F7
:10BCE00004D106F18000D4F81812086020680670AC
:10BCF00000BFB6E6704710B50446206A007820B948
:10BD0000812200212046F7F74DFD10BD7047704796
:10BD100090C900087CB50446002054A143F20203F8
:10BD2000AB22CDE9001058A15DA000F0A3FB204696
:10BD3000D4F8D01188478220005D08B900207CBD6E
:10BD400001212046F8F7E0FF05462046D4F8D4113B
:10BD500088472846F3E710B586B00446002056A170
:10BD600043F201038622CDE9001047A14CA000F068
:10BD700081FBD4F8C801008880B2ADF80C00002027
:10BD80008DF80E008DF80F0003A9D4F8E40100F03F
:10BD900059FA06B010BD70B504462046FFF7DBFF28
:10BDA00005462046FFF7B6FF284670BD70B504462D
:10BDB0000D462046FFF7EFFF70BD10B50446002387
:10BDC0001A4641F205012046F8F7FFF800231A460B
:10BDD00041F206012046F8F7F8F8B4F9C40100F082
:10BDE000C8F8A4F8C40110BDF8B50446B4F9C401FC
:10BDF000401C10B12046FFF7E0FF324B002241F219
:10BE000005012046F8F7E1F82E4B002241F2060129
:10BE10002046F8F7DAF8D4F8C801006800F080404E
:10BE2000C0B1D4F8CC010068A0B1D4F8CC0100684E
:10BE30000A21B0FBF1F5D4F8CC010068B0FBF1F6B3
:10BE40003346AFF2970200212046009500F03CF8FF
:10BE5000A4F8C401F8BD70B504460D461646204648
:10BE6000FFF7C2FF002070BD7047704753594E4323
:10BE70002072656365697665642E2050726F636514
:10BE800065642E20000000002E2E5C43414E6F7032
:10BE9000656E5C7372635C73796E632E6300000081
:10BEA00025732C2564203A203058257820257320CE
:10BEB00030582578200D0A0073656E6453594E433F
:10BEC0002000000057BE00082DE9F05F82468B4637
:10BED000914698460026644C40E0B9F1000F3AD0F4
:10BEE0002078B8BB6148B0F90000401C864205D1FB
:10BEF0005E480088401C00B25C49088000F08AFA65
:10BF0000054647464FF6FF70874201D2384601E0AA
:10BF10004FF6FF70074656480068A8420AD95448B1
:10BF20000068401BB84205D9E819514908603846F5
:10BF300000F050FAC4F80890C4F804A0C4F80CB09B
:10BF400008EB050020610A986061012020703046EE
:10BF5000BDE8F09FFFE7701C06B218344348B0F903
:10BF60000000401C864201DC082EB6DB4FF0FF309B
:10BF7000EEE71CB504463FA043F220336A2242A1FB
:10BF8000CDE9000446A000F075FA601C80B1374886
:10BF9000B0F90000844205D134480088401E00B248
:10BFA00032490880002004EB44012F4A02F8310096
:10BFB0004FF0FF301CBD2DE9F0414FF6FF7600F049
:10BFC00029FA07462A48006800EB07080025264C96
:10BFD00025E0207800F00100F0B12069404513D839
:10BFE000606910B90220207016E06069B7FBF0F1BB
:10BFF00000FB11706169081A20610320207020691C
:10C00000B04209D2266907E02069A0EB0800206150
:10C010002069B04200D22669681C05B21834134862
:10C02000B0F900008542D4DD11480660304600F0CA
:10C03000D1F900250C4C10E0207800F0020048B146
:10C04000207820F002002070A06818B1D4E9022105
:10C0500060689047681C05B218340448B0F90000C5
:10C060008542E9DDBDE8F081CC03002030000020EE
:10C070002C00002044656C416C61726D2E2068615B
:10C080006E646C65203D20002E2E5C43414E6F7027
:10C09000656E5C7372635C74696D65722E6300001B
:10C0A00025732C2564203A203058257820257320CC
:10C0B00030582578200D0A0002469F2A04D10878BE
:10C0C00008B11948704700BF00BF0020FAE730B53B
:10C0D00004460B4641F21705581BAB4212D007DC51
:10C0E000B3F5805F0AD06FF48050184480B907E040
:10C0F000012809D0A0F2692050B907E000210BE027
:10C10000012109E0022107E0032105E0042103E009
:10C1100006481060002030BD00BF002010600448B9
:10C1200000EBC100F7E7000030000906000002063E
:10C13000A4C9000830B58BB005460C46844805609C
:10C1400001210846F4F78CFF09220B218148F4F7FE
:10C1500074FD09220C217F48F4F76FFD4FF4C050A5
:10C16000099002208DF828008DF8290000208DF814
:10C170002A0001208DF82B0009A97648F4F7D2FC9B
:10C1800014208DF8200000208DF821008DF8220069
:10C1900001208DF8230008A8F4F7D3FB01214806FD
:10C1A000F4F7A7FF6C48F5F7D9FA05A8F5F7FAFBFD
:10C1B00000208DF81A008DF81B008DF81C008DF8FA
:10C1C0001D008DF81E008DF81F008DF816008DF8EB
:10C1D00017008DF817006148844205D102208DF8C0
:10C1E00018008DF8190005E005208DF818000620CC
:10C1F0008DF819000620ADF8140005A95648F5F78A
:10C20000C6FA00208DF80E008DF80F0001208DF881
:10C2100010000020ADF80400ADF80600ADF80800ED
:10C22000ADF80A00ADF80C0001208DF8110001A84E
:10C23000F5F737FB012202214748F5F731FE0120CF
:10C240000BB030BDF0B585B007460C4614216846EA
:10C2500000F053FA2088009000208DF80800A078A4
:10C2600018B102208DF8090002E000208DF80900C5
:10C27000E0788DF80A00002505E0201D415D0DF1F4
:10C280000B0041556D1CE078A842F6DC6946324847
:10C29000F5F7F6FB0646042E02D1002005B0F0BDEE
:10C2A0000120FBE702460020704730B589B0142119
:10C2B00004A800F022FA002001900290039004AA42
:10C2C00000212548F5F7D1FC9DF81800042801D17C
:10C2D00009B030BD049880B2ADF804009DF8190093
:10C2E000022802D101208DF806009DF81A008DF871
:10C2F0000700002405E00DF11B00015D02A80155B7
:10C30000641C9DF80700A042F5DCBDF804000B2179
:10C31000B1EBE01F14D10025BDF80400A0F282505B
:10C3200058B99DF80C109DF80D0041EA002005B2A7
:10C3300029460BA000F09EF800E000BF00BF04E01B
:10C3400001A903480068FFF7A5F900BFC0E7000096
:10C35000C0030020000002400064004040420F0083
:10C36000746573743D25642C0D0A00001FB501210E
:10C370000846F4F7BEFE1C208DF80C0000208DF856
:10C380000D0001208DF80F0003A8F4F7DAFA40F24F
:10C3900047344FF6FF700190ADF800400020ADF833
:10C3A0000800ADF8020069464FF08040F5F77BFFCA
:10C3B00001218807F6F740FC01218807F5F7FCFF0B
:10C3C00001218807F5F7B8FF012211469007F6F71B
:10C3D0000BFC1FBD70B504464FF08040F5F7B0FF71
:10C3E000054621480068281A2049096808441F4961
:10C3F00008604FF6FF70001B1B4908604FF6FF7086
:10C40000011B4FF08040F5F797FF01218807F5F7F2
:10C41000D3FF70BD70B54FF08040F5F791FF044633
:10C4200011480068844202D24FF6FF7004440E485F
:10C430000068201A0D4909684518284670BD10B5D6
:10C4400001218807F6F7DBFB00B910BD0020064983
:10C4500008600649086001218807F6F7EDFBFFF741
:10C46000AAFD00BFF1E70000C4030020C8030020BC
:10C47000704700000FB4044910B503AA029800F0F9
:10C48000D7F910BC5DF814FB180000202DE9F0412D
:10C490000E460446002020622046E168884730B3FB
:10C4A000252805D0D4E901219047206A401CF2E7F5
:10C4B000E168204600278847050018D0A5F1410013
:10C4C000192802D820354FF4006732462946204605
:10C4D0002760F3F7B3FE40B1012804D0F61D26F023
:10C4E00007060836D8E7361DD6E72846DAE7206A79
:10C4F000BDE8F08170B50C460546012A05D02878C4
:10C50000800600D5EA69002302E0012305E05B1CF8
:10C51000934202D2E05C0028F9D1A869E618C01A5B
:10C52000A861286A184428622846AFF3008004E016
:10C53000D5E9012114F8010B9047B442F8D32846FD
:10C54000AFF3008070BD00002DE9F04106460024E5
:10C5500010687529314616A510D0AFF30080002869
:10C5600002DA404213A507E031688A0701D512A517
:10C5700002E0490704D511A5012401E0AFF30080D2
:10C5800000210A2206F1240709E0B0FBF2FCB0FB0F
:10C59000F2F302FB1C00303078541846491C002886
:10C5A000F3D123462A463046BDE8F04100F0D0B82A
:10C5B000000000002D0000002B0000002000000003
:10C5C00070B504460D4621461068AFF300802188FF
:10C5D000090502D50F4A7A4402E00E4A7A440E3227
:10C5E000002104F1240305E000F00F060009965D28
:10C5F0005E54491C0028F7D120780023000704D599
:10C60000702D02D009B1022311322046BDE87040DE
:10C6100000F09EB80C04000040EA010310B59B072F
:10C620000FD1042A0DD310C808C9121F9C42F8D09C
:10C6300020BA19BA884201D9012010BD4FF0FF304D
:10C6400010BD1AB1D30703D0521C07E0002010BD63
:10C6500010F8013B11F8014B1B1B07D110F8013BEF
:10C6600011F8014B1B1B01D1921EF1D1184610BDD0
:10C67000032A40F2308010F0030C00F0158011F80E
:10C68000013BBCF1020F624498BF11F801CB00F8E6
:10C69000013B38BF11F8013BA2F1040298BF00F83A
:10C6A00001CB38BF00F8013B11F0030300F0D2804A
:10C6B000083AC0F0088051F8043B083A51F804CB1E
:10C6C000A0E80810F5E7121D5CBF51F8043B40F8E4
:10C6D000043BAFF30080D20724BF11F8013B11F8EF
:10C6E00001CB48BF11F8012B24BF00F8013B00F833
:10C6F00001CB48BF00F8012B70474FF0000200B596
:10C70000134694469646203922BFA0E80C50A0E874
:10C710000C50B1F12001BFF4F7AF090728BFA0E822
:10C720000C5048BF0CC05DF804EB890028BF40F8EE
:10C73000042B08BF704748BF20F8022B11F0804F30
:10C7400018BF00F8012B704770477047704770475B
:10C750002DE9F0470D4699469246044600F124081B
:10C760000168880604D5E06921F01001216000E02D
:10C770000120A84201DD471B00E00027A1697A19CA
:10C7800002EB0900081AA0612078C00602D42046F6
:10C79000AFF30080002608E0D4E901211AF8060072
:10C7A0009047206A401C761C20624E45F4DB2078BE
:10C7B000C0060AD52046AFF3008006E0D4E9012187
:10C7C00030209047206A401C2062381EA7F10107E4
:10C7D000F4DC07E0D4E9012118F805009047206A4D
:10C7E000401C2062281EA5F10105F3DC2046AFF3B2
:10C7F00000802078000602D50220BDE8F0870120E5
:10C80000FBE710B5436913B1AFF3008001E0FFF718
:10C8100071FE012010BD127800F124010A7000227F
:10C820004A700122EDE711684FF0FF32E9E700009E
:10C83000074B70B50D467B4400F043F8044628468C
:10C8400000F052F810B14FF0FF3070BD204670BDBF
:10C85000DF3FFFFF10B5203AC0F00B80B1E8185061
:10C86000203AA0E81850B1E81850A0E81850BFF4DA
:10C87000F5AF5FEA027C24BFB1E81850A0E8185079
:10C8800044BF18C918C0BDE810405FEA827C24BFCD
:10C8900051F8043B40F8043B08BF7047D20728BF5B
:10C8A00031F8023B48BF11F8012B28BF20F8023BAA
:10C8B00048BF00F8012B704701694A1C02610878E3
:10C8C000704700B58FB0CDE90131002105910549D0
:10C8D0007944CDE9031011466846FFF7D7FD0FB044
:10C8E00000BD0000E5FFFFFF007B00F08000704707
:10C8F000754600F02BF8AE4605006946534620F019
:10C900000700854618B020B5F4F704F8BDE82040CC
:10C910004FF000064FF000074FF000084FF0000BFB
:10C9200021F00701AC46ACE8C009ACE8C009ACE8AE
:10C93000C009ACE8C0098D46704710B50446AFF396
:10C9400000802046BDE81040F3F792BC00487047D5
:10C950008C0400204FF04070E1EE100A7047000098
:10C9600001000000000000000001010101000100C1
:10C9700000010101010100000000000001000100B0
:10C980000002000000030000000400000005000099
:10C99000800100008002000080030000800400008D
:10C9A00000000000400000200100001054000020A2
:10C9B00001000110A800002001001710CC00002089
:10C9C000050018102C010020040080120000040053
:10C9D0000000000000000000000004000000000053
:10C9E0000000000005003031323334353637383935
:10C9F00041424344454640305800303132333435AB
:10CA0000363738396162636465664030780000000B
:10CA1000202050444F206973206E6F74206F6E2069
:10CA20004556454E54206F722073796E6368726F5D
:10CA3000206F72206E6F7420617420746869732097
:10CA400053594E432E205472616E73207479706571
:10CA5000203A200053444F206572726F7220626C3E
:10CA60006F636B20646F776E6C6F6164203A205245
:10CA7000656365697665642077726F6E672073758C
:10CA800062636F6D6D616E64202D20696E646578E0
:10CA900020307831323030202B20000053444F209A
:10CAA0006572726F72203A205265636569766564BB
:10CAB00020626C6F636B2075706C6F6164207265AF
:10CAC00073706F6E736520666F7220756E7374611C
:10CAD00072746564207472616E732E20696E646571
:10CAE0007820307831323030202B200053444F20D2
:10CAF0006572726F72203A2052656365697665646B
:10CB000020646F776E6C6F6164207365676D656E0E
:10CB10007420666F7220756E737461727465642020
:10CB20007472616E732E20696E646578203078317E
:10CB3000323030202B20000053444F206572726F3A
:10CB400072203A2052656365697665642075706C61
:10CB50006F6164207365676D656E7420666F722007
:10CB6000756E73746172746564207472616E732E75
:10CB700020696E64657820307831323030202B2087
:10CB80000000000053444F206572726F72203A20FB
:10CB9000526563656976656420626C6F636B2075AE
:10CBA000706C6F6164207265717565737420666F57
:10CBB0007220756E73746172746564207472616E34
:10CBC000732E20696E6465782030783132303020E1
:10CBD0002B20000053444F206572726F72203A2060
:10CBE00052656365697665642075706C6F61642059
:10CBF000726573706F6E7365207769746820626107
:10CC0000642061636B73657120696E6465782030A0
:10CC10007831323030202B200000000053444F2068
:10CC20006572726F72203A20526563656976656439
:10CC30002075706C6F6164207365676D656E74201C
:10CC400077697468206261642061636B7365712029
:10CC5000696E64657820307831323030202B2000C6
:10CC600052656365697665642053444F20496E6957
:10CC700074696174652075706C6F61642028746FCD
:10CC80002073656E6420646174612920646566693F
:10CC90006E656420617420696E6465782030783137
:10CCA000323030202B200000526563656976656460
:10CCB0002053444F20496E69746961746520446F44
:10CCC000776E6C6F61642028746F2073746F726567
:10CCD00020646174612920646566696E6564206101
:10CCE0007420696E64657820307831323030202BC2
:10CCF0002000000053444F2E2053656E64696E6718
:10CD000020626C6F636B20454E442075706C6F61C0
:10CD10006420726573706F6E736520646566696EFA
:10CD2000656420617420696E6465782030783132E2
:10CD30003030202B2000000053444F2E2053656ECE
:10CD400064696E67206578706564697465642075D0
:10CD5000706C6F616420696E6974696174652072BA
:10CD60006573706F6E736520646566696E656420B7
:10CD7000617420696E6465782030783132303020FB
:10CD80002B20000053444F2E2053656E64696E675C
:10CD9000206E6F726D616C20626C6F636B207570BA
:10CDA0006C6F616420696E69746961746520726575
:10CDB00073706F6E736520646566696E656420616B
:10CDC0007420696E64657820307831323030202BE1
:10CDD0002000000053444F2E2053656E64696E6737
:10CDE000206E6F726D616C2075706C6F616420696C
:10CDF0006E69746961746520726573706F6E7365B6
:10CE000020646566696E656420617420696E64657E
:10CE10007820307831323030202B200053444F2E90
:10CE20002053656E64696E6720626C6F636B20458A
:10CE30004E4420646F776E6C6F616420726571750B
:10CE400065737420646566696E6564206174206929
:10CE50006E64657820307831323030202B2000002D
:10CE600053444F2E2053656E6420726573706F6E4D
:10CE7000736520746F20646F776E6C6F61642072CD
:10CE800065717565737420646566696E656420619B
:10CE90007420696E64657820307831323030202B10
:10CEA0002000000052656365697665642053444F35
:10CEB00020626C6F636B20454E442075706C6F610F
:10CEC00064207265717565737420646566696E654A
:10CED0006420617420696E64657820307831323066
:10CEE00030202B200000000053444F206572726FE9
:10CEF00072203A20556E61626C6520746F20636FFA
:10CF000070792074686520646174612066726F6D49
:10CF1000206F626A6563742064696374696F6E610F
:10CF200072792E2045727220636F6465203A20006A
:10CF300053444F206572726F72203A20726571758A
:10CF400065737420666F72206D6F726520746861FE
:10CF50006E2053444F5F4D41585F4C454E475448F7
:10CF60005F5452414E534645522062797465732096
:10CF7000746F207472616E7366657220746F206EB8
:10CF80006F6465203A20000053444F206572726F31
:10CF900072203A204E6F206C696E6520667265655E
:10CFA0002C20746F6F206D616E792053444F20697F
:10CFB0006E2070726F67726573732E2041626F729C
:10CFC00074656420666F72206E6F6465203A20007D
:10CFD00053444F206572726F7220626C6F636B20D6
:10CFE00075706C6F6164203A20526563656976657F
:10CFF000642077726F6E6720737562636F6D6D6109
:10D000006E642066726F6D206E6F646520696420A7
:10D010000000000053444F206572726F72203A2066
:10D020005265636569766564207365676D656E74C6
:10D0300020726573706F6E736520666F7220756EF7
:10D040006B6E6F776E207472616E732E2066726FD6
:10D050006D206E6F646549640000000053444F20EA
:10D060006572726F7220626C6F636B20646F776E93
:10D070006C6F6164203A205265636569766564204F
:10D0800077726F6E6720737562636F6D6D616E642A
:10D090002066726F6D206E6F646549640000000049
:10D0A00053444F206572726F72203A205265636557
:10D0B0006976656420726573706F6E736520666F44
:10D0C0007220756E6B6E6F776E20646F776E6C6F0B
:10D0D000616420726571756573742066726F6D206E
:10D0E0006E6F64654964000053444F206572726F2F
:10D0F00072203A20526563656976656420726573B3
:10D10000706F6E736520666F7220756E6B6E6F77D1
:10D110006E2075706C6F61642072657175657374D3
:10D120002066726F6D206E6F6465496400000000B8
:10D1300053444F206572726F7220626C6F636B2074
:10D14000646F776E6C6F6164203A20526563656925
:10D150007665642077726F6E6720737562636F6D9A
:10D160006D616E642066726F6D206E6F64652069FC
:10D170006400000053444F206572726F72203A20A1
:10D18000526563656976656420726573706F6E734E
:10D190006520666F7220756E6B6E6F776E20626CA5
:10D1A0006F636B20646F776E6C6F61642072657162
:10D1B000756573742066726F6D206E6F646520698B
:10D1C00064000000E4D1000800000020CC0300004F
:10D1D000C4010008E8D20008CC03002024070000A6
:10D1E0002002000811847A030AC009010203040620
:10D1F0000708092914691823FFFF2904C12302071E
:10D200003204223C7A20141A0538319A5014514ABB
:10D210009F185A6418693CEA6828310210801A067F
:10D2200030315AA42C293801106978DAB860DABC98
:10D2300010DAC010DAC4105AC81032031A08785A2B
:10D24000885869605B1C01B05930DA20106A2410DC
:10D2500059306A2810111AFF01E11A383F13A4C986
:10D260005B086C2413994F1B08CC101AD8041AE4DD
:10D27000041AA00413B9C0024C086984720F13F594
:10D28000BC1B08F704130DBD1B080F04811A9C9CDE
:10D290001AA0042A3AA4190429381B9D3724092707
:10D2A0000101561AFF011AA3881A94941A960401D0
:10D2B0008023FFFF1A8C881A90041369BE1B086B29
:10D2C000041A9FA01AA1048113CFC08C08FD3F103F
:10D2D00002100119111A64401A68041A50040A2134
:08D2E00098D88B173150410072
:040000050800018965
:00000001FF
